id,brand,instagram_link,variant,variant_image_url,variant_link,concentration,rating,gender,size (ml),price,price_per_ml,top_notes1,top_notes2,top_notes3,mid_notes1,mid_notes2,mid_notes3,base_notes1,base_notes2,base_notes3
1,Alchemist,https://www.instagram.com/alchemist.fragrance/,Powder Room,,https://shopee.co.id/alchemist.fragrance/17137354148,EDP,4.4,Unisex,50,"199,000.00","3,980.00",Watery,Red Rose,Pink Pepper,Violet,Orange Blossom,Peony,Musk,Marine,Sandalwood
2,Alchemist,,Out West,,https://shopee.co.id/ALCHEMIST-EXTRAIT-DE-PARFUM-OUTWEST-i.724605317.20051778966?xptdk=e21eae9a-4f47-434d-9566-16c94b822289,EDP,4.1,Unisex,50,"199,000.00","3,980.00",Yuzu,Bergamot,Green Apple,Cedarwood,Red Rose,Plum,Musk,Patchouli,Vetiver
3,Alchemist,,Home Garden,,https://shopee.co.id/ALCHEMIST-EAU-DE-PARFUM-HOME-GARDEN-i.724605317.16137361283?xptdk=e1bad124-ef55-483c-ba5d-b1cd7c3e5ce8,EDP,4.3,Unisex,50,"199,000.00","3,980.00",Blackberry,Grapefruit,Clove,Cedarwood,Vetiver,,Floral,,
4,Alchemist,,Got My Mojo Back,,https://shopee.co.id/ALCHEMIST-EAU-DE-PARFUM-GOT-MY-MOJO-BACK-i.724605317.17037358583?xptdk=4386102d-c191-4494-8438-9108341cfad6,EDP,4,Unisex,50,"199,000.00","3,980.00",Chocolate,Blackcurrant,Almond,Cedarwood,Tuberose,Sambac,Praline Hs,Sandalwood,Amber
5,Alchemist,,Pink Laundry,,https://shopee.co.id/ALCHEMIST-EAU-DE-PARFUM-PINK-LAUNDRY-i.724605317.17137356907?xptdk=9b6bcb0f-0059-4f4f-ad4c-79de9da24bbb,EDP,4.2,Unisex,50,"199,000.00","3,980.00",Clean Aldehyde,Chamomile,Green,Jasmine,Lily Of The Valley,Red Rose,Musk,Patchouli,Sandalwood
6,Alien Objects,https://www.instagram.com/alienobjects/,XOXO,,https://shopee.co.id/alienobjects/14283008217,EDP,4.1,Feminime,50,"750,000.00","15,000.00",Dew,Strawberry,Lotus,Tulip,Musk,Oakmoss,Orange Blossom,,
7,Alien Objects,,HUGS,,https://shopee.co.id/Alien-Objects-HUGS-50ml-Eau-de-Parfum-i.769703211.22912444782?xptdk=17a759be-ea31-497a-93c8-69331675f9c6,EDP,4.1,Feminime,50,"810,000.00","16,200.00",Vanilla,Orchid,Almond,Amber,Rum,Benzoin,,,
8,Alien Objects,,MECCA,,https://shopee.co.id/Alien-Objects-MECCA-50ml-Eau-de-Parfum-i.769703211.17965480595?sp_atk=7b25ccd6-4200-40e5-80bd-e3b350295dad&xptdk=7b25ccd6-4200-40e5-80bd-e3b350295dad,EDP,4.2,Feminime,50,"825,000.00","16,500.00",Jasmine,Saffron,Orris,Musk,Cinnamon,Sandalwood,Amber,Oud,
9,Alien Objects,,Morphine,,https://shopee.co.id/Alien-Objects-Morphine-50ml-Eau-de-Parfum-i.769703211.10895257144?sp_atk=d56aafb3-dd49-41b0-9867-dc9a2cb6f5d2&xptdk=d56aafb3-dd49-41b0-9867-dc9a2cb6f5d2,EDP,4.7,Feminime,50,"910,000.00","18,200.00",Milk,Fig,Leathery,Jatamansi,Violet,Cannabis,Tonka Bean,Sandalwood,
10,Alien Objects,,Abstract,,https://shopee.co.id/Alien-Objects-Abstract-50ml-Eau-de-Parfum-i.769703211.17165495841?sp_atk=f59f23bf-fa30-429d-be01-676c93883c64&xptdk=f59f23bf-fa30-429d-be01-676c93883c64,EDP,4.1,Feminime,50,"750,000.00","15,000.00",Bergamot,Grapefruit,Cotton Flower,Ambergris,Musk,,,,
11,Alien Objects,,DORAEMON,,https://shopee.co.id/Alien-Objects-DORAEMON-50ml-Eau-de-Parfum-i.769703211.15483080473?sp_atk=ebb2a7fe-7a7f-4179-bc32-0125c39167ed&xptdk=ebb2a7fe-7a7f-4179-bc32-0125c39167ed,EDP,4.9,Feminime,50,"810,000.00","16,200.00",Lemon,Lime,Soda,Sake,Sandalwood,,,,
12,Alien Objects,,COGNAC,,https://shopee.co.id/Alien-Objects-COGNAC-50ml-Eau-de-Parfum-i.769703211.18569138799?sp_atk=19972be8-70c3-4588-bfc0-fdaba1440176&xptdk=19972be8-70c3-4588-bfc0-fdaba1440176,EDP,4.6,Feminime,50,"810,000.00","16,200.00",Grapefruit,Apricot,Plum,Licorice,Pear,Cinnamon,Ginger,Saffron,Oak
13,Alien Objects,,Aurora,,https://shopee.co.id/Alien-Objects-Aurora-50ml-Eau-de-Parfum-i.769703211.13391742720?sp_atk=961671b5-4c01-4f86-9196-fdcba438d397&xptdk=961671b5-4c01-4f86-9196-fdcba438d397,EDP,4.5,Feminime,50,"750,000.00","15,000.00",Lavender,Mint,Clary Sage,Petitgrain,Iris,Yuzu,Apricot,Musk,Licorice
14,Alien Objects,,Pandan,,https://shopee.co.id/Alien-Objects-Pandan-50ml-Eau-de-Parfum-i.769703211.16265473488?sp_atk=ddcdfb9b-8f30-40b4-b838-2f2646a75626&xptdk=ddcdfb9b-8f30-40b4-b838-2f2646a75626,EDP,4.9,Feminime,50,"800,000.00","16,000.00",Pandan,Rice,Coconut,Oud,,,,,
15,Alien Objects,,INDONESIA,,https://shopee.co.id/Alien-Objects-INDONESIA-Eau-de-Parfum-50ml-i.769703211.18501892051?sp_atk=b24ff286-2bf4-4a8a-8d07-ef73034e5d2c&xptdk=b24ff286-2bf4-4a8a-8d07-ef73034e5d2c,EDP,4.9,Feminime,50,"1,000,000.00","20,000.00",Kunyit,Curcuma,Ginger,Rice,Aromatic Ginger,Lemongrass,,,
16,Alien Objects,,Jamu Melati,,https://shopee.co.id/Alien-Objects-Jamu-Melati-INDONESIA-Edisi-2022-50ml-i.769703211.21334406187?sp_atk=a1fd44b0-a2a0-4bc4-b278-89215f65ef8d&xptdk=a1fd44b0-a2a0-4bc4-b278-89215f65ef8d,EDP,4.3,Feminime,50,"1,000,000.00","20,000.00",Melati,Lime,Lemongrass,Turmeric,Curcuma,,,,
17,Alien Objects,,LOVE,,https://shopee.co.id/Alien-Objects-LOVE-50ml-Eau-de-Parfum-i.769703211.18122577236?sp_atk=4f566973-9f77-43ac-9207-6dc73691e320&xptdk=4f566973-9f77-43ac-9207-6dc73691e320,EDP,4.5,Feminime,50,"800,000.00","16,000.00",Musk,Lemon,Pear,Orange,Apple,Red Rose,Lily,Ylang Ylang,Ambrette
18,Alien Objects,,Rudolph,,https://shopee.co.id/Alien-Objects-Rudolph-50ml-Eau-de-Parfum-i.769703211.16965456806?sp_atk=c0e3c1d1-9259-452f-977d-a9235377fb11&xptdk=c0e3c1d1-9259-452f-977d-a9235377fb11,EDP,4.7,Feminime,50,"825,000.00","16,500.00",Chocolate,Red Berries,Apple,Rum,Licorice,Caramel,,,
19,Alien Objects,,NOBITA,,https://shopee.co.id/Alien-Objects-NOBITA-50ml-Eau-de-Parfum-i.769703211.21601902539?sp_atk=0e201b1e-82ff-4d23-b45f-a74fe4824090&xptdk=0e201b1e-82ff-4d23-b45f-a74fe4824090,EDP,4.2,Feminime,50,"810,000.00","16,200.00",Banana,Pineapple,Milk,Honeysuckle,Amber,,,,
20,Alien Objects,,Metal,,https://shopee.co.id/Alien-Objects-Metal-50ml-Eau-de-Parfum-i.769703211.17765350507?sp_atk=8f216711-3512-4c0a-bb0b-0e631b1388dc&xptdk=8f216711-3512-4c0a-bb0b-0e631b1388dc,EDP,4,Feminime,50,"750,000.00","15,000.00",Metal,Incense,Hinoki,Violet,Cedarwood,Salt,,,
21,Alien Objects,,Rome,,https://shopee.co.id/Alien-Objects-Rome-10ml-Eau-de-Parfum-i.769703211.20701851971?sp_atk=72fecf2e-45fa-4f80-9cdf-91b6b6f21a07&xptdk=72fecf2e-45fa-4f80-9cdf-91b6b6f21a07,EDP,4.6,Feminime,10,"480,000.00","48,000.00",Bergamot,Chocolate,Peppermint,Licorice,Vanilla,Tonka Bean,,,
22,Alien Objects,,Pain,,https://shopee.co.id/Alien-Objects-Pain-50ml-Eau-de-Parfum-i.769703211.18801848426?sp_atk=f04bdd56-ff12-45c0-9545-5c053820450d&xptdk=f04bdd56-ff12-45c0-9545-5c053820450d,EDP,4.8,Feminime,50,"1,350,000.00","27,000.00",Tobacco,Fig,Chamomile,Leathery,Benzoin,Sandalwood,,,
23,Alien Objects,,Chestnuts,,https://shopee.co.id/Alien-Objects-Chestnuts-50ml-Eau-de-Parfum-i.769703211.20201885507?sp_atk=adff53fa-86cf-42bb-987d-981fe629bac4&xptdk=adff53fa-86cf-42bb-987d-981fe629bac4,EDP,4.9,Feminime,50,"825,000.00","16,500.00",Chestnut,Whiskey,Oak,Vetiver,Smoke,,,,
24,Alien Objects,,Paris,,https://shopee.co.id/Alien-Objects-Paris-10ml-Eau-de-Parfum-i.769703211.16665362582?sp_atk=7bce6d0d-8ec1-4c8a-9ce6-5bfc3aa834aa&xptdk=7bce6d0d-8ec1-4c8a-9ce6-5bfc3aa834aa,EDP,4,Feminime,50,"480,000.00","9,600.00",Bergamot,Lily Of The Valley,Jasmine,Tuberose,Oakmoss,Galbanum,,,
25,Alien Objects,,Istanbul,,https://shopee.co.id/Alien-Objects-Istanbul-10ml-Eau-de-Parfum-i.769703211.20601852707?sp_atk=408ee90d-5c53-4582-812e-9ff54c95122a&xptdk=408ee90d-5c53-4582-812e-9ff54c95122a,EDP,4.8,Feminime,50,"480,000.00","9,600.00",Bergamot,Orange,Raspberry,Red Rose,Geranium,Amber,Oud,,
26,Alien Objects,,SHIZUKA,,https://shopee.co.id/Alien-Objects-SHIZUKA-50ml-Eau-de-Parfum-i.769703211.15983076731?sp_atk=70fceea5-4d86-4701-806f-053016b94160&xptdk=70fceea5-4d86-4701-806f-053016b94160,EDP,4.4,Feminime,50,"810,000.00","16,200.00",Sakura,Crayon,Lipstick,Sweet Potato,Marshmallow,,,,
27,Alien Objects,,Silent Night,,https://shopee.co.id/Alien-Objects-Silent-Night-50ml-Eau-de-Parfum-i.769703211.16565442321?sp_atk=099115cf-462e-4874-8c71-70f8327e8b2e&xptdk=099115cf-462e-4874-8c71-70f8327e8b2e,EDP,4.1,Feminime,50,"825,000.00","16,500.00",Carnation,Fir,Juniper,Frankincense,Juniper,,,,
28,Alien Objects,,London,,https://shopee.co.id/Alien-Objects-London-10ml-Eau-de-Parfum-i.769703211.17865364033?sp_atk=0bc80272-c743-4342-a500-0dbb3186bcd3&xptdk=0bc80272-c743-4342-a500-0dbb3186bcd3,EDP,4.3,Feminime,50,"480,000.00","9,600.00",Bergamot,Ginger,Red Rose,Gardenia,Coconut,Coriander,Musk,Tonka Bean,
29,ALT Perfumery,https://www.instagram.com/alt.perfumery/,Moroccan Sunset,,https://shopee.co.id/altperfumery/12639590547,EDP,4.1,Unisex,50,"229,000.00","4,580.00",Neroli,Bergamot,Red Fruits,Orange Blossom,Jasmine,Resin,Vanilla,Caramel,Musk
30,ALT Perfumery,,Tahiti Sunrise,,https://shopee.co.id/ALT-Perfume-Tahiti-Sunrise-50ml-Eau-De-Parfum-TheTS-i.478240323.11886828350?sp_atk=8808d1eb-5ec1-4237-94d7-0c163685c07f&xptdk=8808d1eb-5ec1-4237-94d7-0c163685c07f,EDP,4.8,Unisex,50,"229,000.00","4,580.00",Coconut,Fruity,,Sea Salt,Solar Notes,,Vanilla,Musk,Amber
31,ALT Perfumery,,ALEXANDRIA OUD,,https://shopee.co.id/Alt-Perfume-ALEXANDRIA-OUD-edp-50-ml-Eau-De-Parfum-i.478240323.19326514023?sp_atk=655b4377-3c25-4ca6-9132-13bfeded18f9&xptdk=655b4377-3c25-4ca6-9132-13bfeded18f9,EDP,4.1,Unisex,50,"229,000.00","4,580.00",Incense,Spices,,Ambergris,Agarwood,Oud,Vanilla,Sandalwood,Civer & Cedar
32,ALT Perfumery,,BARON,,https://shopee.co.id/Alt-BARON-Eau-De-Parfum-Perfume-100ml-i.478240323.8873162857?sp_atk=1debe69c-8716-4439-8799-527fde127b1e&xptdk=1debe69c-8716-4439-8799-527fde127b1e,EDP,4.1,Unisex,100,"299,000.00","2,990.00",Cardamom,Lavender,Lemon,Coffee,Whiskey,Cinnamon,Tonka Bean,Amber,Incense
33,ALT Perfumery,,FOXY,,https://shopee.co.id/Alt-FOXY-Eau-De-Parfum-perfume-100ml-i.478240323.9373151592?sp_atk=7bd17dfe-3a82-4562-99c7-cee68a8e63e3&xptdk=7bd17dfe-3a82-4562-99c7-cee68a8e63e3,EDP,4.7,Unisex,100,"299,000.00","2,990.00",Passionfruit,Grapefruit,Pineapple,Peony,Vanilla Orchid,Red Berries,Musk,Woody,Oakmoss
34,ALT Perfumery,,UPTOWN,,https://shopee.co.id/Alt-UPTOWN-Eau-de-parfum-perfume-100ml-i.478240323.8073150200?sp_atk=2eb25e77-aaa9-4705-a60c-1809f97e299b&xptdk=2eb25e77-aaa9-4705-a60c-1809f97e299b,EDP,4.9,Unisex,100,"299,000.00","2,990.00",Strawberry,Blackcurrant,Red Apple,Sweet Pea,Freesia,Jasmine,Raspberry,Musk,Sandalwood
35,Aromes,https://www.instagram.com/aromes.id/,Crazy Sexy,,https://shopee.co.id/aromes.id/19521086160,EDP,4.5,Feminime,50,"299,000.00","5,980.00",Raspberry,Lemon Peel,,Almond,Blackcurrant,Red Rose,Vanilla,Patchouli,Cashmere
36,Aromes,,Treasure,,https://shopee.co.id/Aromes-Treasure-EDP-50-ML-i.670809984.21921090564?xptdk=375c1c70-f036-4e7a-a98c-64a572614d43,EDP,4.8,Feminime,50,"299,000.00","5,980.00",Mandarin Orange,Grapefruit,Neroli,Peony,Jasmine,Tuberose,White Musk,Vetiver,Sandalwood
37,Ataraksia,https://www.instagram.com/ataraksia.id/,Societeit Harmonie,,https://shopee.co.id/ataraksia_id/7185449983,EDP,4.8,Unisex,55,"337,000.00","6,127.27",Chocolate,Raspberry,,Oud,Cinnamon,,Vanilla,Musk,
38,Ataraksia,,Telaga Srijantung,,https://shopee.co.id/Minyak-Wangi-Ataraksia-Telaga-Sritanjung-55-ML-Extrait-De-Perfume-i.323444176.8640718226?xptdk=dcfbd6e1-7d30-4098-a2ad-711a099e3d1e,EDP,4.7,Unisex,55,"337,000.00","6,127.27",Cemara,Lemon,Bergamot,Pinus,Incense,,Cendana,Amber,
39,Ataraksia,,Pulau Tuak,,https://shopee.co.id/Minyak-Wangi-Ataraksia-Pulau-Tuak-55-ML-Extrait-De-Perfume-i.323444176.8240714263?xptdk=d6c2c27a-f83a-4e30-bbd0-9e25e7a2676c,EDP,4.2,Unisex,55,"337,000.00","6,127.27",Rum,Aras,Daun Tamarind,Nutmeg,Patchouli,,Amber,Vanilla,Musk
40,Ataraksia,,Priyayi Mood,,https://shopee.co.id/Minyak-Wangi-Ataraksia-Priyayi-Mood-55-ML-Extrait-De-Perfume-i.323444176.8140725357?sp_atk=f6b4e8bc-ccf9-4f5e-9119-882bb28881ad&xptdk=f6b4e8bc-ccf9-4f5e-9119-882bb28881ad,EDP,4.4,Unisex,55,"337,000.00","6,127.27",Liquorice,Green,,Resin,Cashmere,Tobacco,Oud,Incense,
41,Ataraksia,,Gowok Chamber,,https://shopee.co.id/Minyak-Wangi-Ataraksia-Gowok-Chamber-55-ML-Extrait-De-Perfume-i.323444176.3985545729?sp_atk=82353a64-963a-484c-83a0-d8cd75887a3b&xptdk=82353a64-963a-484c-83a0-d8cd75887a3b,EDP,4.8,Unisex,55,"337,000.00","6,127.27",Lemon,Mandarin Orange,Kapulaga Jawa,Bulgarian Rose,Geranium,Davana,Incense,Oud,
42,Ataraksia,,Raden Saleh Callenberg,,https://shopee.co.id/Minyak-Wangi-Ataraksia-Raden-Saleh-Callenberg-55ml-Extrait-De-Perfume-i.323444176.9740699342?sp_atk=88c87268-3139-4ec7-9624-ee5835bae591&xptdk=88c87268-3139-4ec7-9624-ee5835bae591,EDP,4.9,Unisex,55,"337,000.00","6,127.27",Bergamot,Bunga Jeruk,Lavender,Geranium,Red Rose,Patchouli,Amber,Oakmoss,Vanilla
43,avantglossy,https://www.instagram.com/avantglossy/,Cloud County,,https://shopee.co.id/avantglossy/20009705276,EDP,4.4,Unisex,30,"115,000.00","3,833.33",Peony,May Rose,,Pink Pepper,,,White Musk,Vanilla,
44,avantglossy,,Saint Lagoon,,https://shopee.co.id/avantglossy/20009705276,EDP,4.7,Unisex,30,"115,000.00","3,833.33",Sea,Magnolia,,Lily,,,Powdery,,
45,avantglossy,,Dawn,,https://shopee.co.id/avantglossy/20009705276,EDP,4.9,Unisex,30,"115,000.00","3,833.33",Lavender,Mandarin Orange,Bergamot,Orchid,,,Madagascar Vanilla,Ambergris,
46,Avicenna,https://www.instagram.com/avicennaperfume.id/,Miracle,,https://shopee.co.id/cnfperfumery/15750856518,EDP,4.5,Feminime,100,"229,250.00","2,292.50",Red Fruits,Orange,Black Pepper,Jasmine,Red Rose,Violet,Vanilla,Powdery,Musk
47,Avicenna,,Starbust,,https://shopee.co.id/AVICENNA-STARBURST-(NEW)-EDP-100-ML-i.53497038.20462268445?sp_atk=5216a17c-30f0-4e51-b823-85302174b2cd&xptdk=5216a17c-30f0-4e51-b823-85302174b2cd,EDP,4.3,Feminime,100,"279,300.00","2,793.00",Coffee,Orange Blossom,,Jasmine Sambac,Bitter Almond,,Vanilla,Cashmere,
48,Avicenna,,VIP,,https://shopee.co.id/AVICENNA-VIP-M-(NEW)-EDT-100-ML-i.53497038.11686542403?sp_atk=f325286c-9603-4d45-87ba-1ff4b4cadcfe&xptdk=f325286c-9603-4d45-87ba-1ff4b4cadcfe,EDT,4.3,Feminime,100,"279,300.00","2,793.00",Nutmeg,Pink Pepper,Saffron,Red Rose,Tonka Bean,Gardenia,Labdanum,Woody,Vanilla
49,Avicenna,,VIP,,https://shopee.co.id/AVICENNA-VIP-W-(NEW)-EDP-100-ML-i.53497038.10086550991?sp_atk=5f7d652f-3c5c-4ecd-9791-c7cb6a337692&xptdk=5f7d652f-3c5c-4ecd-9791-c7cb6a337692,EDP,4.8,Feminime,100,"279,300.00","2,793.00",Pear,Peach,Melon,Ylang Ylang,Lily Of The Valley,Red Rose,Lactone,Sandalwood,Musk
50,Avicenna,,Diamond,,https://shopee.co.id/AVICENNA-DIAMOND-W-(NEW)-EDP-100-ML-i.53497038.17200013436?sp_atk=e7be8a2e-6096-4b15-aa76-40caac89bd42&xptdk=e7be8a2e-6096-4b15-aa76-40caac89bd42,EDP,4.4,Feminime,100,"227,400.00","2,274.00",Red Rose,Blackcurrant,Violet,Peach,Lily Of The Valley,,Amber,Musk,
51,Avicenna,,Adventure,,https://shopee.co.id/AVICENNA-ADVENTURE-M-(NEW)-EDT-100-ML-i.53497038.16800022788?sp_atk=c85d536b-d1d8-45e2-b016-db2fa9529a5e&xptdk=c85d536b-d1d8-45e2-b016-db2fa9529a5e,EDT,4.4,Feminime,100,"246,350.00","2,463.50",Bergamot,Pink Pepper,Grapefruit,Lavender,Cardamom,Aquatic,Woody,Oakmoss,Cashmere
52,Avicenna,,La Femme,,https://shopee.co.id/AVICENNA-LA-FEMME-W-(NEW)-EDP-100-ML-i.53497038.11186541942?sp_atk=79c2a86a-9725-4107-a281-0413b9f225fb&xptdk=79c2a86a-9725-4107-a281-0413b9f225fb,EDP,4.4,Feminime,100,"279,300.00","2,793.00",Lemon,Grapefruit,Apple,Lily,Jasmine,Red Rose,Sandalwood,Ambergris,Vanilla
53,Avicenna,,Blossom,,https://shopee.co.id/AVICENNA-BLOSSOM-W-(NEW)-EDP-100-ML-i.53497038.13476306367?sp_atk=72b382bb-7cf2-4895-9cfe-bcf2ed04daaf&xptdk=72b382bb-7cf2-4895-9cfe-bcf2ed04daaf,EDP,4.2,Feminime,100,"246,350.00","2,463.50",Bulgarian Rose,White Floral,Violet,Iris,Opponax,Balsamic,Bourbon,Vanilla,Musk
54,Avicenna,,Magnitude,,https://shopee.co.id/AVICENNA-MAGNITUDE-(NEW)-EDP-100-ML-i.53497038.18967752062?sp_atk=d8cdc369-c9d0-4bde-bc58-13ba25acb04b&xptdk=d8cdc369-c9d0-4bde-bc58-13ba25acb04b,EDP,4.3,Feminime,100,"279,300.00","2,793.00",Pear,Pink Pepper,Orange Blossom,Coffee,Jasmine,Bitter Almond,Vanilla,Patchouli,Cedarwood
55,Avicenna,,Eclat,,https://shopee.co.id/AVICENNA-ECLAT-M-(NEW)-EDT-100-ML-i.53497038.12976160800?sp_atk=e923ae6f-3c4b-47cc-b7a6-3df94bbfce20&xptdk=e923ae6f-3c4b-47cc-b7a6-3df94bbfce20,EDT,4.2,Feminime,100,"279,300.00","2,793.00",Citrus,Watery,,Grapefruit,Aromatic,Jasmine,Woody,Ambergris,Tonka Bean
56,Avicenna,,Homme,,https://shopee.co.id/AVICENNA-L-HOMME-M-(NEW)-EDT-100-ML-i.53497038.14850866156?sp_atk=5f00ec33-f939-4ee2-9416-a51ed6e7f1b5&xptdk=5f00ec33-f939-4ee2-9416-a51ed6e7f1b5,EDT,4.1,Feminime,100,"239,400.00","2,394.00",Lime,Lemon,Orange,Geranium,Cyclamen,Amber,Vetiver,Vanilla,Musk
57,Avicenna,,Freedom,,https://shopee.co.id/AVICENNA-FREEDOM-M-(NEW)-EDT-100-ML-i.53497038.15051201007?sp_atk=bd0a387c-cbea-4a9a-9b3f-b41fad30c7ee&xptdk=bd0a387c-cbea-4a9a-9b3f-b41fad30c7ee,EDT,4.7,Feminime,100,"227,400.00","2,274.00",Black Pepper,Apple,Peppermint,Basil,Pear,Ozonic,Vanilla,Ambergris,Cedarwood
58,Avicenna,,Legend,,https://shopee.co.id/AVICENNA-LEGEND-M-(NEW)-EDT-100-ML-i.53497038.16800022306?sp_atk=891c906b-24ba-469c-9770-c3240648d0ac&xptdk=891c906b-24ba-469c-9770-c3240648d0ac,EDT,4.7,Feminime,100,"246,350.00","2,463.50",Lavender,Basil,Cypress,Grapefruit,Lemon,Bergamot,Patchouli,Vetiver,Sandalwood
59,Avicenna,,Wild,,https://shopee.co.id/AVICENNA-WILD-M-(NEW)-EDT-100-ML-i.53497038.16300026215?sp_atk=2cf73810-b694-4732-ac8c-9a94cf8f2f43&xptdk=2cf73810-b694-4732-ac8c-9a94cf8f2f43,EDT,4.9,Feminime,100,"246,350.00","2,463.50",Citrus,,,Geranium,Lavender,,Amber,,
60,Avicenna,,Supreme Advanced,,https://shopee.co.id/AVICENNA-SUPREME-ADVANCED-M-(NEW)-EDT-100-ML-i.53497038.15451205108?sp_atk=2a4a36ba-ae97-497b-9060-da818cb7f9f0&xptdk=2a4a36ba-ae97-497b-9060-da818cb7f9f0,EDT,4.9,Feminime,100,"246,350.00","2,463.50",Ginger,Black Pepper,,Black Basil,Cedar Leaf,Sage,Patchouli,Sequoia,Amber
61,Avicenna,,Euphoric,,https://shopee.co.id/AVICENNA-EUPHORIC-W-(NEW)-EDP-100-ML-i.53497038.17600013706?sp_atk=5d92903f-a368-46ac-b68d-723b7631ae77&xptdk=5d92903f-a368-46ac-b68d-723b7631ae77,EDP,4,Feminime,100,"246,350.00","2,463.50",Bergamot,Tangerine,Grapefruit,Jasmine,, ,Cedarwood,Musk,Peach
62,Avicenna,,Sincere,,https://shopee.co.id/AVICENNA-SINCERE-W-(NEW)-EDP-100-ML-i.53497038.16300009419?sp_atk=5f9faabb-8b33-4ff4-a55e-acdc55ab2063&xptdk=5f9faabb-8b33-4ff4-a55e-acdc55ab2063,EDP,4.7,Feminime,100,"246,350.00","2,463.50",Blackcurrant,Mandarin Orange,Bergamot,Lily,Peony,Jasmine,Musk,Violet,Patchouli
63,Avicenna,,Lumiere,,https://shopee.co.id/AVICENNA-LUMIERE-W-(NEW)-EDP-100-ML-i.53497038.17100012610?sp_atk=03f7832a-4ba3-4407-bdd4-e48587a005df&xptdk=03f7832a-4ba3-4407-bdd4-e48587a005df,EDP,4.1,Feminime,100,"246,350.00","2,463.50",Honeydew,Green Apple,Lemon,Red Rose,Viole,Orange Blossom,Musk,Patchouli,Sandalwood
64,Azwary Perfume,https://www.instagram.com/azwaryperfume/,Magical Instinct,,https://azwaryperfume.sirclo.me/id/product/magical-instinct,EDP,4.2,Feminime,50,"250,000.00","5,000.00",Lemon,Passionfruit,Pomelo,Violet,Orchid,Jasmine,Vanilla,Amber,Patchouli
65,Azwary Perfume,,ATLANTIS FEMINAE,,https://azwary.id/id/product/atlantis-feminae,EDP,4.8,Feminime,50,"425,000.00","8,500.00",Bergamot,Grapefruit,Melon,Magnolia,Cactus,Orchid,Vanilla,Raspberry,Amber
66,Azwary Perfume,,ATLANTIS HOMINES,,https://azwary.id/id/product/atlantis-homines,EDP,4.7,Feminime,50,"425,000.00","8,500.00",Bergamot,Lavender,Geranium,Nutmeg,Cilantro,Orchid,Musk,Cedarwood,Amber
67,Azwary Perfume,,Summer Bloom,,https://azwary.id/id/product/summer-bloom,EDP,4.8,Feminime,50,"300,000.00","6,000.00",Cucumber,Lemon,Mandarin Orange,Basil,Sage,Krenyem,Suede,Woody,Musk
68,Azwary Perfume,,Coral Cleo,,https://azwary.id/id/product/coral-cleo,EDP,4.9,Feminime,50,"300,000.00","6,000.00",Passionfruit,Pomegranate,Mandarin Orange,Jasmine,Pear,Blackcurrant,Musk,Amber,Vanilla
69,Bali Surfer's Perfume,https://www.instagram.com/balisurfers.perfume/,Blue Point,,https://shopee.co.id/balisurfersperfume/9962169595,EDP,4.7,Feminime,100,"199,999.00","1,999.99",Citrus,Fruity,Oceanic,Floral,Spices,Marine,Musk,Woody,
70,Bali Surfer's Perfume,,For Her,,https://shopee.co.id/Bali-Surfers-Perfume-Varian-For-Her-i.457136520.13147872330?sp_atk=9ef96216-da10-4bed-b1b3-8bd87e98c245&xptdk=9ef96216-da10-4bed-b1b3-8bd87e98c245,EDP,4.1,Feminime,100,"199,000.00","1,990.00",Citrus,Bergamot,Red Rose,Jasmine,Musk,Amber,,,
71,Bali Surfer's Perfume,,Bali Cliff 1,,https://shopee.co.id/Bali-Surfers-Perfume-Varian-Bali-Cliff-1-i.457136520.18140533197?sp_atk=59fd3732-85dc-4579-a996-1fe02c181780&xptdk=59fd3732-85dc-4579-a996-1fe02c181780,EDP,4.1,Unisex,100,"199,000.00","1,990.00",Pink Pepper,Bergamot,Apple,Oakmoss,Cinnamon,Lavender,Chestnut,Vanilla,Cedarwood
72,Bali Surfer's Perfume,,Bali Cliff 2,,https://shopee.co.id/Bali-Surfers-Perfume-varian-Bali-Cliff-2-i.457136520.18740538682?sp_atk=56296f6a-78b0-4459-a97b-46b54ccd34b5&xptdk=56296f6a-78b0-4459-a97b-46b54ccd34b5,EDP,4.9,Unisex,100,"199,000.00","1,990.00",Citrus,,,Lavender,Almond,Floral,Vanilla,Amber,Woody
73,Bali Surfer's Perfume,,Balangan and Me,,https://shopee.co.id/Bali-Surfers-perfume-varian-Balangan-and-me-i.457136520.23842054796?sp_atk=7e4255c6-c1b3-42df-9a89-709a4e0d65f4&xptdk=7e4255c6-c1b3-42df-9a89-709a4e0d65f4,EDP,4.4,Unisex,100,"199,000.00","1,990.00",Grapefruit,Cedarwood,Tonka Bean,,,,,,
74,Bali Surfer's Perfume,,Dreamland,,https://shopee.co.id/Bali-Surfers-Perfume-Varian-Dreamland-i.457136520.21788593094?sp_atk=11c31a68-e8be-488d-8773-3e02b1d7ee71&xptdk=11c31a68-e8be-488d-8773-3e02b1d7ee71,EDP,4.7,Unisex,100,"199,000.00","1,990.00",Nutmeg,Lavender,Patchouli,,,,,,
75,Bali Surfer's Perfume,,Papan Selancar,,https://shopee.co.id/Bali-Surfers-Perfume-Varian-Papan-Selancar-i.457136520.20767204167?sp_atk=41ff1f03-3c8b-4554-a327-6e9d0efaf6ca&xptdk=41ff1f03-3c8b-4554-a327-6e9d0efaf6ca,EDP,4.2,Unisex,100,"199,000.00","1,990.00",Hazelnut,Vanilla,Honey,Nutty,Bergamot,Patchouli,,,
76,Bali Surfer's Perfume,,Kuta 7am,,https://shopee.co.id/Bali-Surfers-Perfume-Kuta-7am-i.457136520.13975169208?sp_atk=c5048e91-a97f-44d6-ad2f-5dd1c1a2b7fe&xptdk=c5048e91-a97f-44d6-ad2f-5dd1c1a2b7fe,EDP,4.5,Unisex,100,"199,000.00","1,990.00",Lychee,Citrus,Jasmine,Floral,Musk,Woody,,,
77,Bali Surfer's Perfume,,Kuta 7pm,,https://shopee.co.id/Bali-Surfers-Perfume-Kuta-7pm-i.457136520.15948852179?sp_atk=0ac15901-0241-4bc4-ba07-b1a7f95aefbf&xptdk=0ac15901-0241-4bc4-ba07-b1a7f95aefbf,EDP,4.1,Unisex,100,"199,000.00","1,990.00",Lychee,Citrus,Bamboo,Tea,Musk,Amber,,,
78,Bali Surfer's Perfume,,The Ubud,,https://shopee.co.id/Bali-Surfers-perfume-varian-the-ubud-37-ml-travel-size-i.457136520.22137660501?sp_atk=e13df50a-ad9d-4cef-85c8-ce096d0c9e79&xptdk=e13df50a-ad9d-4cef-85c8-ce096d0c9e79,EDP,4.1,Unisex,37,"120,000.00","3,243.24",Peach,Musk,Red Rose,Patchouli,,,,,
79,Black Friday,https://www.instagram.com/theblackfriday.id/,Smells Like Friday 02,,https://shopee.co.id/black_friday_official_shop/9035006622,EDP,4.1,Unisex,50,"111,200.00","2,224.00",Saffron,Thyme,Raspberry,Violet,Incense,Leathery,Cedarwood,Cistus,Vanilla
80,Black Friday,,Smells Like Friday 01,,https://shopee.co.id/Black-Friday-Smells-Like-Friday-01-Eau-De-Parfum-Fruity-Chypre-i.413464683.9035006545?sp_atk=2882a8a2-ead5-440a-acf9-645b1d0eb596&xptdk=2882a8a2-ead5-440a-acf9-645b1d0eb596,EDP,4.5,Unisex,150,"107,030.00",713.53,Bergamot,Mandarin Orange,Lemon,Green,Jasmine,Patchouli,Moss,Musk,
81,Boura Perfumery,https://instagram.com/boura.id?igshid=YmMyMTA2M2Y=,Noisy Bathroom,,https://shopee.co.id/bouraid/21510676031,EDP,5,Unisex,30,"143,100.00","4,770.00",Star Anise,Pineapple,Fennel,Cotton Flower,Jasmine,Virginia Cedarwood,Musk,Ambergris,Tonka Bean
82,Boura Perfumery,,Living Montage,,https://shopee.co.id/Boura-Perfume-Living-Montage-30ml-Unisex-Perfume-i.668331521.16004721486?sp_atk=c59ec0bc-ee24-42aa-a91d-b71688e8437d&xptdk=c59ec0bc-ee24-42aa-a91d-b71688e8437d,EDP,4.4,Unisex,30,"135,150.00","4,505.00",Wild Berries,Orange Blossom,Tangerine,Caramel,Pear,Jasmine,Madagascar Vanilla,Licorine,Musk
83,Boura Perfumery,,Visco Garden,,https://shopee.co.id/Boura-Perfume-Visco-Garden-30ml-Unisex-Perfume-i.668331521.16904722324?sp_atk=68e99023-289a-47aa-b092-9c74a8af176a&xptdk=68e99023-289a-47aa-b092-9c74a8af176a,EDP,4.6,Unisex,30,"135,150.00","4,505.00",Lemon,Bergamot,Bitter Orange,Red Rose,Juniper,Jasmine,Balsam Fir,Musk,Ambergis
84,Boura Perfumery,,Ellinika Doors,,https://shopee.co.id/Boura-Perfume-Ellinika-Doors-30ml-Unisex-Perfume-i.668331521.23112739840?sp_atk=d802ade6-abb2-4ff2-b116-7e5b1321b0d4&xptdk=d802ade6-abb2-4ff2-b116-7e5b1321b0d4,EDP,4.2,Unisex,30,"135,150.00","4,505.00",Raspberry,Strawberry,Grapefruit,Lily,Freesia,Red Rose,Rhuburb,Musk,Amber
85,Boura Perfumery,,Bibliosmia,,https://shopee.co.id/Boura-Perfume-Bibliosmia-30ml-Unisex-Perfume-i.668331521.21467458736?sp_atk=0755716d-015d-4495-8f6a-1501d965a7bb&xptdk=0755716d-015d-4495-8f6a-1501d965a7bb,EDP,4.8,Unisex,30,"135,150.00","4,505.00",Neroli,Black Pepper,Cardamom,Geranium,Mate,Orchid,Amber,Patchouli,Vanilla
86,Brishka,https://www.instagram.com/brishka.id/,Malibu Night,,https://shopee.co.id/brishka.id/20641776819,EDP,5,Masculine,100,"200,000.00","2,000.00",Bergamot,,,Black Pepper,,,Vanilla,,
87,Brishka,,Poolside,,https://shopee.co.id/Brishka-Eau-De-Parfum-100-ML-For-Woman-Poolside-i.738840611.20641788028?sp_atk=ca77e215-40bc-4673-a29d-63a89d77cb11&xptdk=ca77e215-40bc-4673-a29d-63a89d77cb11,EDP,4.5,Masculine,100,"151,390.00","1,513.90",Blueberry,Raspberry,Cherry,Orange Blossom,Red Rose,Violet,Amber,Musk,Sandalwood
88,Brishka,,MADLY,,https://shopee.co.id/Brishka-Eau-De-Parfum-60-ML-MADLY-i.738840611.22424543060?sp_atk=f6471e31-f257-4b66-ab69-875636db2a5a&xptdk=f6471e31-f257-4b66-ab69-875636db2a5a,EDP,4.1,Masculine,60,"129,000.00","1,290.00",Blackcurrant,Orange Blossom,,Nutmeg,Bitter Almond,Coffee,Tonka Bean,Amber,Cedarwood
89,Brishka,,DEEPLY,,https://shopee.co.id/Brishka-Eau-De-Parfum-60-ML-DEEPLY-i.738840611.23626523321?sp_atk=8e8f31d1-e8d5-44e4-ae39-46861df06d2b&xptdk=8e8f31d1-e8d5-44e4-ae39-46861df06d2b,EDP,4.6,Masculine,60,"129,000.00","1,290.00",Pear,Cherry,Pink Pepper,Coffee,Jasmine,Orange Blossom,Vanilla,Cedarwood,Musk
90,Brishka,,TRULY,,https://shopee.co.id/Brishka-Eau-De-Parfum-60-ML-TRULY-i.738840611.20173372077?sp_atk=a2429215-f847-461f-af68-c643c1e3b3e7&xptdk=a2429215-f847-461f-af68-c643c1e3b3e7,EDP,4.5,Masculine,60,"129,000.00","1,290.00",Cherry,Apple,Lemon,Red Rose,Violet,,Sandalwood,Amber,Musk
91,Brishka,,Warm On A Cold Night,,https://shopee.co.id/Brishka-Perfume-For-Woman-Warm-On-A-Cold-Night-30-ML-i.738840611.14190399013?sp_atk=1443e583-59c8-4e4e-ad06-49606ba58a6a&xptdk=1443e583-59c8-4e4e-ad06-49606ba58a6a,EDP,4.7,Masculine,30,"75,000.00",750,Jasmine,Saffron,,Amberwood,,,Fir Resin,Cedarwood,
92,CARESO,https://www.instagram.com/careso.official/,Clean,,https://shopee.co.id/CARESO-All-Day-EDT-CLEAN-100ml-i.260166994.12881074930?sp_atk=04b2b089-c981-4381-bee5-40caafa66e6f&xptdk=04b2b089-c981-4381-bee5-40caafa66e6f,EDT,4.4,Unisex,100,"169,000.00","1,690.00",Cotton,Red Rose,Peony,Sandalwood,Musk,,,,
93,CARESO,,Allure,,https://shopee.co.id/CARESO-All-Day-EDT-ALLURE-100ml-i.260166994.17320122327?sp_atk=b27f21ce-5f19-4a6a-81f1-84fe2f4f2233&xptdk=b27f21ce-5f19-4a6a-81f1-84fe2f4f2233,EDT,4.9,Unisex,100,"159,000.00","1,590.00",Vanilla,Coffee,Pink Pepper,Orange Blossom,Jasmine,Cashmere,,,
94,CARESO,,Three,,https://shopee.co.id/CARESO-All-Day-EDT-THREE-100ml-i.260166994.17220133873?sp_atk=1dd7a963-35fa-400c-9eff-4306fe6893b9&xptdk=1dd7a963-35fa-400c-9eff-4306fe6893b9,EDT,4.3,Unisex,100,"159,000.00","1,590.00",Coconut,Jasmine,Bergamot,Pistachio,Ylang Ylang,Vanilla,,,
95,CARESO,,Joy,,https://shopee.co.id/CARESO-All-Day-EDT-JOY-100ml-i.260166994.16020132906?sp_atk=9ef2d2aa-e1d1-48ab-bcee-f52e9ec43b99&xptdk=9ef2d2aa-e1d1-48ab-bcee-f52e9ec43b99,EDT,4.8,Unisex,100,"159,000.00","1,590.00",Cardamom,Mimosa,Tonka Bean,Heliotrope,Sandalwood,Damask Rose,,,
96,CARESO,,Brave,,https://shopee.co.id/CARESO-All-Day-EDT-BRAVE-FOR-MEN-(Pria)-100ml-i.260166994.15361023541?sp_atk=b0ad6ca2-f4d5-48e6-a7f3-4fcf4ebf18b5&xptdk=b0ad6ca2-f4d5-48e6-a7f3-4fcf4ebf18b5,EDT,4.7,Unisex,100,"159,000.00","1,590.00",Pineapple,Blackcurrant,Birch,Patchouli,Moroccan Jasmine,Ambergris,,,
97,Carl & Claire,https://www.instagram.com/carlandclaire/?hl=en,Black Dahlia,,https://shopee.co.id/carlandclaire/6600856943,EDP,4.7,Unisex,30,"274,000.00","9,133.33",White Floral,Gourmand,Coffee,Vanilla,Floral,Woody,Amber,Musk,Sweet
98,Carl & Claire,,Talking to the Moon,,https://shopee.co.id/Carl-Claire-Talking-to-the-Moon-(ex.-Grace)-EDP-30ml-Parfum-Original-Garansi-30-Hari-i.156128126.7700856434?sp_atk=f7d0200e-bf96-493a-8ef1-e669839f7cf0&xptdk=f7d0200e-bf96-493a-8ef1-e669839f7cf0,EDP,4.1,Unisex,30,"256,680.00","8,556.00",Fruity,Orange Blossom,,Jasmine,Tuberose,Woody,Amber,Musk,Sweet
99,Carl & Claire,,Song of the Youth,,https://shopee.co.id/Carl-Claire-Song-of-the-Youth-(ex.-Beautiful-Life)-EDP-30ml-Parfum-Original-Garansi-30-Hari-i.156128126.7900857793?sp_atk=3ba596bd-8d5f-4e38-9be4-724de25ff1af&xptdk=3ba596bd-8d5f-4e38-9be4-724de25ff1af,EDP,4.8,Unisex,30,"209,000.00","6,966.67",Citrus,Floral,Fruity,Magnolia,Musk,Iris,Amber,Animalic,Moss
100,Carl & Claire,,Delicate Embrace,,https://shopee.co.id/Carl-Claire-Delicate-Embrace-(ex.-Delicate)-EDP-30ml-Parfum-Original-Garansi-30-Hari-i.156128126.7700856422?sp_atk=17082c0b-d856-40de-9cc5-9da4081f7596&xptdk=17082c0b-d856-40de-9cc5-9da4081f7596,EDP,4.8,Unisex,30,"256,680.00","8,556.00",Citrus,Freesia,Fruity,Lily Of The Valley,Red Rose,,Amber,Musk,
101,Carl & Claire,,Morning Glory,,https://shopee.co.id/Carl-Claire-Morning-Glory-(ex.-Gorgeous)-EDP-30ml-Parfum-Original-Garansi-30-Hari-i.156128126.7700856421?sp_atk=90b358f1-b698-48d0-8fc5-62bfbc47f5a9&xptdk=90b358f1-b698-48d0-8fc5-62bfbc47f5a9,EDP,4.7,Unisex,30,"270,630.00","9,021.00",Citrus,White Floral,Fruity,Floral,Jasmine,Lily Of The Valley,Moss,Musk,Oriental
102,Carl & Claire,,Paris Enchantee,,https://shopee.co.id/Carl-Claire-Emily-in-Paris-Enchant√©e-EDP-30ml-Parfum-Original-Garansi-30-hari-i.156128126.22709889474?sp_atk=b8371c19-3897-479f-8bd0-305caefc5e0e&xptdk=b8371c19-3897-479f-8bd0-305caefc5e0e,EDP,4.7,Unisex,30,"328,000.00","10,933.33",Gardenia,Leathery,Musk,Vanilla,,,,,
103,Carl & Claire,,A Love Like This,,https://shopee.co.id/Carl-Claire-A-Love-Like-This-(ex.-Blossom)-EDP-30ml-Parfum-Original-Garansi-30-Hari-i.156128126.6600856975?sp_atk=0b43068f-0c15-43ff-9fe8-65281e6cfdb1&xptdk=0b43068f-0c15-43ff-9fe8-65281e6cfdb1,EDP,4.9,Unisex,30,"256,680.00","8,556.00",Lily,Eucalyptus,Ginger,Lily,Amber,Jasmine,Cedarwood,Musk,Patchouli
104,Carl & Claire,,Dancing with my Shadow,,https://shopee.co.id/Carl-Claire-Dancing-with-my-Shadow-(ex.-Musk)-EDP-30ml-Parfum-Original-Garansi-30-Hari-i.156128126.5700857392?sp_atk=b50550ce-1b29-4022-908f-ff4b62fb9a11&xptdk=b50550ce-1b29-4022-908f-ff4b62fb9a11,EDP,5,Unisex,30,"256,800.00","8,560.00",Floral,Fresh,Herbaceous,Floral,Oriental,Red Rose,Amber,Balsamic,Musk
105,Carl & Claire,,Spring Sonata,,https://shopee.co.id/Carl-Claire-Spring-Sonata-(ex.-Lady)-EDP-30ml-Parfum-Original-Garansi-30-hari-i.156128126.7700856431?sp_atk=91693e20-812e-4b39-9bc8-cdf041bca8bc&xptdk=91693e20-812e-4b39-9bc8-cdf041bca8bc,EDP,4.1,Unisex,30,"237,150.00","7,905.00",Citrus,Red Rose,Peony,Floral,Fruity,Lactone,Amber,Floral,Musk
106,Carl & Claire,,Take My Hand,,https://shopee.co.id/Carl-Claire-Take-My-Hand-(ex.-Cherish)-EDP-30ml-Parfum-Original-Garansi-30-Hari-i.156128126.7700856427?sp_atk=64878bb2-9e6a-4011-9f04-c25f2387371a&xptdk=64878bb2-9e6a-4011-9f04-c25f2387371a,EDP,4.3,Unisex,30,"251,100.00","8,370.00",Bergamot,Fruity,Floral,Floral,Patchouli,,Amber,Animalic,
107,De.Claires,https://www.instagram.com/de.claires/?hl=en,Petite Pastry,,https://shopee.co.id/de.claires/18404156074,EDP,4.3,Unisex,55,"185,000.00","3,363.64",Vanilla,Cake,Coconut,,,,,,
108,de LUNAR Perfumery,https://www.instagram.com/delunarofficial/,Obsess,,https://shopee.co.id/delunarparfum/19427468028,EDP,4.4,Unisex,50,"185,000.00","3,700.00",Melon,Magnolia,Peach,Jasmine,Lily Of The Valley,Freesia,Musk,Vanilla,Cedarwood
109,Douceur Perfume,https://www.instagram.com/dcparfumeur/?hl=en,Avetis,,https://shopee.co.id/dcparfumeur/11602517836,EDP,4.7,Unisex,50,"125,000.00","2,500.00",Woody,Sweet,,,,,,,
110,el'mntrx,https://www.instagram.com/elmntrx.official/,De Fleurs,,https://shopee.co.id/el.mntrx/6260782413,EDP,4.2,Unisex,50,"185,000.00","3,700.00",Peach,Gardenia,,Carnation,Arum Dalu,,Honey,Rosewood,
111,Exxome,https://www.instagram.com/exxome.id/,Orion,,https://shopee.co.id/exxome.id/7659168089,EDP,4.4,Unisex,50,"169,000.00","3,380.00",Mandarin Orange,Bergamot,Saffron,Black Pepper,Cedarwood,Coriander,Sandalwood,Vetiver,Honey
112,Fabron Fragrance,https://www.instagram.com/fabronfrags/,Johan Malik,,https://shopee.co.id/fabron_id/19252902072,EDP,4.2,Unisex,50,"170,000.00","3,400.00",Tobacco,Spices,,Vanilla,Cacao,Tonka Bean,Dried Fruits,Woody,
113,Faivers,https://www.instagram.com/faivers.id/,Bitter Honey,,https://shopee.co.id/faiversindonesia/16368466463,EDP,4.1,Unisex,50,"170,100.00","3,402.00",Honey,Bitter Orange,,Tuberose,Cherry,Pear,,,
114,Fakhrul Oud,https://www.instagram.com/fakhruloud/,Signature 002,,https://tokopedia.link/U7GQy2TKlvb,ExDP,4.8,Unisex,50,"850,000.00","17,000.00",Nutmeg,Saffron,,Jasmine,Red Rose,,Oud,Musk,Patchouli
115,Fetch Fragrance,https://www.instagram.com/fetch.fragrances/,Slow Waltz,,https://shopee.co.id/fetchfragrances/5377120891,EDP,4,Unisex,30,"152,900.00","5,096.67",Jasmine,Saffron,,Ambergris,Amberwood,,Resin,Fir,Cedarwood
116,Filosophia,https://www.instagram.com/filosophia.id/,Party Anthem,,https://shopee.co.id/filosophia.perfumery/13945853545,EDP,4.3,Unisex,50,"150,000.00","3,000.00",Passion,Fruity,Bergamot,Cocktails,Mint,Pear,Lavender,Leathery,
117,Fonce,https://www.instagram.com/fonce.indonesia/,Red Roses Vanilla,,https://shopee.co.id/fonce.id/6707848329,ExDP,4.4,Unisex,50,"180,000.00","3,600.00",Sea,Lemon,,Red Rose,Creamy,,Vanilla,Sugar,White Musk
118,Fordive,https://www.instagram.com/fordive.id/,1970,,https://shopee.co.id/fordive/15549575221,EDP,4.8,Unisex,100,"279,000.00","2,790.00",Pink Pepper,Juniper,Violet,Cinnamon,Sage,Vanilla,Amber,Tonka Bean,Coffee
119,Getwet,https://www.instagram.com/getwet.id/,Epitome of Sunshine,,https://shopee.co.id/getwet.id/16328156455,EDP,4.7,Unisex,50,"249,000.00","4,980.00",Marigold,Mandarin Orange,Blackcurrant,Jasmine Sambac,Ylang Ylang,Honey,Benzoin,Cedarwood,Vanilla
120,Hausser,https://www.instagram.com/hausserperfume/?hl=en,Symphonie de Tabriz,,https://tokopedia.link/KJbOqUaepxb,EDP,4.8,Unisex,50,"975,000.00","19,500.00",Rum,Rosewood,Apple,Eucalyptus,Cashmere,Lily Of The Valley,Oud,Tonka Bean,Honey
121,Histeory,https://www.instagram.com/histeory/,Chemistry,,https://shopee.co.id/histeory.official/12939021770,EDP,4.1,Unisex,50,"169,000.00","3,380.00",Red Rose,Vanilla,Bergamot,Blackcurrant,Patchouli,Water Jasmine,Cedarwood,Leathery,Sandalwood
122,HMNS,https://www.instagram.com/hmns.id/,Orgsm,,https://shopee.co.id/houseofmedici/3045105353,EDP,4.3,Unisex,100,"323,000.00","3,230.00",Red Apple,,,Red Rose,Peony,Jasmine,Vanilla,Amber,
123,House of Dappers,https://www.instagram.com/houseofdappers.id/,Teh Melati,,https://shopee.co.id/houseofdappers/19149063628,EDP,4.5,Unisex,50,"235,000.00","4,700.00",Tea,Jasmine,Sugar,Musk,Sandalwood,,,,
124,House of Dappers,,Morning Dew,,https://shopee.co.id/House-Of-Dappers-No.7-Morning-Dew-i.687427103.23032075253?sp_atk=2f016a71-e1b2-4b96-a477-962dfb91316e&xptdk=2f016a71-e1b2-4b96-a477-962dfb91316e,EDP,4.5,Unisex,50,"235,000.00","4,700.00",Green,Grass,Aldehyde,Wild Flower,Freesia,Violet,Musk,Sandalwood,
125,House of Dappers,,Stone Red Rose,,https://shopee.co.id/House-Of-Dappers-N.-8-Stone-Red Rose-i.687427103.22732081087?sp_atk=c68e836e-1f4d-4d0a-a65a-73c564762fa5&xptdk=c68e836e-1f4d-4d0a-a65a-73c564762fa5,EDP,4.3,Unisex,50,"235,000.00","4,700.00",Red Rose,Pink Pepper,,Vetiver,Geranium,Green,Cedarwood,Musk,Agarwood
126,House of Medici,https://www.instagram.com/medicihouseof/,Lilac Wine,,https://shopee.co.id/houseofmedici/3045105353,EDP,4,Unisex,50,"350,000.00","7,000.00",Wine,Saffron,Thyme,Lilac,Blueberry,Mocha,Leathery,Heliotrope,Mahogany
127,House of Medici,,Fatima La Isabella,,https://shopee.co.id/Fatima-La-Isabella-i.291724652.3275448837?sp_atk=52d46b4e-f74f-49c6-9fc0-595001d298c1&xptdk=52d46b4e-f74f-49c6-9fc0-595001d298c1,EDP,4.7,Unisex,50,"350,000.00","7,000.00",Blue Chamomile,Cinnamon,Cacao,Turkish Rose,Tobacco,White Honey,White Chocolate,Dried Fruits,Musk
128,House of Medici,,Jophiel The Crimson Sword,,https://www.tokopedia.com/houseofmedici/jophiel-the-crimson-sword-edp-50ml?extParam=whid%3D9546460,EDP,4.1,Unisex,50,"400,000.00","8,000.00",Strawberry,Fir,Saffron,Jasmine Sambac,Caramel,Mocha,Vanilla,Tonka Bean,Pine Tree
129,House of Medici,,The Great Khadija,,https://www.tokopedia.com/houseofmedici/the-great-khadija-edp-50ml?extParam=whid%3D9546460,EDP,4.9,Unisex,50,"350,000.00","7,000.00",Melon,Cucumber,Saffron,Dates,Caramel,Rock Sugar,Vanilla,Cashmere,
130,House of Medici,,Elizabeth Undercover,,https://www.tokopedia.com/houseofmedici/elizabeth-undercover-edp-50ml?extParam=whid%3D9546460,EDP,4.3,Unisex,50,"500,000.00","10,000.00",Red Rosella Tea,Sichuan Pepper,Mate,Ink,Turkish Rose,Ambrette,Tobacco,Patchouli,Tonka Bean
131,Joie the Lab,https://www.instagram.com/joiethelab/,Memoir,,https://shopee.co.id/joiethelab/15362670940,EDP,4.3,Masculine,50,"165,000.00","3,300.00",Calabrian Bergamot,Black Pepper,,Sichuan Pepper,Lavender,Pink Pepper,Ambroxan,Cedarwood,Labdanum
132,Joie the Lab,,The One,,https://www.tokopedia.com/joiethelab/joie-the-lab-serene?extParam=whid%3D13346208,EDP,4.8,Unisex,50,"165,000.00","3,300.00",Grapefruit,Orange Blossom,Sage,Nutmeg,Orris Root,Pimento,Vetiver,Woody,Oakmoss
133,Joie the Lab,,Serene,,https://www.tokopedia.com/joiethelab/joie-the-lab-serene?extParam=whid%3D13346208,EDP,5,Feminime,50,"165,000.00","3,300.00",Pear,Melon,,Freesia,Red Rose,,Musk,Patchouli,Rhuburb
134,Justin Paul,https://www.instagram.com/justinpaulparfum/,Navy,,https://shopee.co.id/senswell/5659192141,EDP,4.7,Masculine,50,"110,000.00","2,200.00",Earthy,Marine,,Violet,Mandarin Orange,,Sandalwood,Musk,
135,Justin Paul,,Black,,https://www.tokopedia.com/luxeparfum/justin-paul-black-eau-de-parfume,EDP,4.5,Masculine,50,"110,000.00","2,200.00",Peppermint,Ginger,,Vanilla,Galbanum,,Pineapple,Cocoa,
136,Justin Paul,,Iceberg,,https://shopee.co.id/Justin-Paul-Iceberg-Parfum-Pria-Original-Tahan-Lama-i.3188494.14511382054?sp_atk=3f75d697-70f1-4a71-8ecd-2e04eba0f987&xptdk=3f75d697-70f1-4a71-8ecd-2e04eba0f987,EDP,4.9,Masculine,50,"110,000.00","2,200.00",Ozonic,,,Muguet,Cassia,,Cedarwood,Leathery,
137,Justin Paul,,Clear Day,,https://www.tokopedia.com/luxeparfum/justinpaul-clearday-parfum-pria-tahan-lama,EDP,4.6,Unisex,50,"110,000.00","2,200.00",Freesia,Pineapple,,Aquatic,Lily Of The Valley,,Amber,Musk,
138,Justin Paul,,After Dark,,https://shopee.co.id/JUSTIN-PAUL-After-Dark-edp-50ml-i.637621462.15630720583?sp_atk=bb766e66-9550-49cb-81c4-6be25c75f379&xptdk=bb766e66-9550-49cb-81c4-6be25c75f379,EDP,4.8,Masculine,50,"110,000.00","2,200.00",Mandarin Orange,,,Nutmeg,Carrot,,Vanilla,Woody,Tonka Bean
139,Kahf,https://www.instagram.com/kahfeveryday/,Revered Oud,,https://shopee.co.id/kahfofficial/18166020072,EDP,4.8,Masculine,100,"232,750.00","2,327.50",Fruity,Red Rose,Lemon,Amber,Gourmand,,Vanilla,Musk,Agarwood
140,Kahf,,Saffron Oud,,https://shopee.co.id/Kahf-Saffron-Oud-Eau-de-Parfum-100-ml-Parfum-Pria-i.326487418.23108458984?sp_atk=7f7226f4-b788-4113-8c9a-9523634d7fe3&xptdk=7f7226f4-b788-4113-8c9a-9523634d7fe3,EDP,4.1,Masculine,100,"245,000.00","2,450.00",Saffron,Clove,Mandarin Orange,Oud,Red Rose,Leathery,Patchouli,Cedarwood,Musk
141,Kahf,,Inviforating Waterfall,,https://shopee.co.id/Kahf-Invigorating-Waterfall-Eau-de-Toilette-35-ml-Parfum-Pria-Tahan-Lama-i.326487418.3758815376?sp_atk=6687bca6-f15a-4713-a14a-2c0d0dfe9e29&xptdk=6687bca6-f15a-4713-a14a-2c0d0dfe9e29,EDP,4,Masculine,35,"77,000.00","2,200.00",Marine,Watery,Lemon,Cedarwood,Floral,Violet,Amber,Patchouli,Vetiver
142,Kahf,,Humbling Forrest,,https://shopee.co.id/Kahf-Humbling-Forest-Eau-de-Toilette-35-ml-Parfum-Pria-Tahan-Lama-i.326487418.6658721504?sp_atk=5dd63512-78bb-4380-b457-3f22fed66ee5&xptdk=5dd63512-78bb-4380-b457-3f22fed66ee5,EDP,4,Masculine,35,"77,000.00","2,200.00",Cypress,Rosemary,Grapefruit,Cedarwood,Guaiac Wood,Jasmine,Patchouli,Sandalwood,Musk
143,Kahf,,True Brotherhood,,https://shopee.co.id/Kahf-True-Brotherhood-Eau-De-Toilette-35-ml-Parfum-Pria-Wangi-Tahan-Lama-i.326487418.6158721849?sp_atk=a521b748-37a2-4ea3-be92-eb960ddf6ec3&xptdk=a521b748-37a2-4ea3-be92-eb960ddf6ec3,EDP,4.3,Masculine,35,"77,000.00","22,000.00",Cinnamon,Orange,Lemon,Tobacco,Cypress,Lavender,Tonka Bean,Cedarwood,Incense
144,Kitschy,https://www.instagram.com/kitschy.beauty/,Golden Hour,,https://shopee.co.id/kitschybeauty/20843656442,EDP,4.7,Unisex,50,"298,000.00","5,960.00",Honey,Jasmine Sambac,,Marigold,,,Benzoin,Ylang Ylang,
145,Labcitane,https://www.instagram.com/labcitane/,Red Rose Peony,,https://shopee.co.id/labcitane/5443920156,ExDP,4.9,Feminime,50,"185,000.00","3,700.00",Mint,,,Red Rose,Freesia,,Vanilla,Ambroxan,Woody
146,Labcitane,,Vanilla Red Roses,,https://shopee.co.id/Labcitane-Vanilla-Red Roses-Extrait-De-Parfum-i.289043600.5889576927?xptdk=eb3dcf7f-825b-43ab-bb3c-099802f9e2bf,ExDP,4.1,Feminime,50,"185,000.00","3,700.00",Sugar,Woody,,Red Rose,,,Vanilla,White Musk,Cedarwood
147,Labcitane,,Oui,,https://shopee.co.id/labcitane/5443920156,ExDP,4.8,Feminime,50,"185,000.00","3,700.00",Mint,,,Red Rose,Freesia,,Vanilla,Ambroxan,Woody
148,Labcitane,,Pear Idole,,https://shopee.co.id/labcitane/5443920156,ExDP,4.4,Feminime,50,"185,000.00","3,700.00",Aquatic,Bergamot,,Red Rose,Pear,,White Floral,Musk,Vanilla
149,Labcitane,,Eau Red Rose,,https://shopee.co.id/labcitane/5443920156,ExDP,4.4,Feminime,50,"185,000.00","3,700.00",Floral,,,Red Rose,Jasmine,,Musk,Woody,Honey
150,Layr Fragrance,https://www.instagram.com/layrfragrance/,Second Skin,,https://shopee.co.id/LAYR-FRAGRANCE-SECOND-SKIN-i.961272300.20276831775?sp_atk=c06debf6-d183-4709-9181-120331ee702d&xptdk=c06debf6-d183-4709-9181-120331ee702d,ExDP,4.4,Unisex,50,"249,000.00","4,980.00",Black Pepper,Bergamot,Clary Sage,Red Rose,Orange Flower,Violet,Patchouli,Amber,Musk
151,Layr Fragrance,,Midnight Haze,,https://shopee.co.id/LAYR-FRAGRANCE-MIDNIGHT-HAZE-i.961272300.23834162760?xptdk=2ff02927-9c85-4f2f-a985-5da72dae9a00,ExDP,4.9,Unisex,50,"249,000.00","4,980.00",Pink Pepper,Cardamom,Lavender,Oud,Jasmine,Cedarwood,Amber,Vanilla,Musk
152,Layr Fragrance,,Get Naked,,https://shopee.co.id/LAYR-FRAGRANCE-GET-NAKED-i.961272300.22134169806?xptdk=85e6cc6b-03cc-4793-9411-04120f4e0625,ExDP,4.6,Unisex,50,"249,000.00","4,980.00",Tobacco,Green Pear,Violet,Magnolia,Sandalwood,Red Rose,Amber,Cedarwood,Musk
153,Leuseni,https://instagram.com/leuseniofficial?igshid=YmMyMTA2M2Y=,Patisserie,,https://www.tokopedia.com/leuseniparfums/50ml-patisserie-eau-de-parfum-perfume-de-leuseni?extParam=whid%3D2921678,EDP,4.9,Unisex,50,"995,000.00","19,900.00",Bergamot,Coriander,Pink Pepper,Orange Blossom,Chocolate,Coffee,Almond,Sandalwood,Labdanum
154,Leuseni,,Jeune Femme,,https://www.tokopedia.com/leuseniparfums/50ml-jeune-femme-extrait-de-parfum-perfume-de-leuseni?extParam=whid%3D2921678,EDP,4.5,Feminime,50,"995,000.00","19,900.00",Bergamot,Orange Blossom,,Vanilla,Heliotrope,Red Rose,Vanilla,Sandalwood,Amyris
155,Leuseni,,Leather Oud,,https://www.tokopedia.com/leuseniparfums/50ml-leather-oud-eau-de-parfum-perfume-de-leuseni?extParam=whid%3D2921678,EDP,4.2,Unisex,50,"995,000.00","19,900.00",Bergamot,Lemon,Leathery,Red Rose,Iris,Osmanthus,Leathery,Agarwood,Patchouli
156,Maison d' Ophelia,https://www.instagram.com/maisondeophelia/,Hamlet,,https://shopee.co.id/maisonde.ophelia/20671899614,EDP,4.7,Unisex,50,"475,000.00","9,500.00",Mandarin Orange,Grapefruit,Salt,Seaweed,Citrus,,Citrus,Salt,Amber
157,Maison d' Ophelia,,Aphrodite,,https://shopee.co.id/APHRODITE-MAISON-D'-OPHELIA-EAU-DE-PARFUM-50ml-i.944238035.22520302449?sp_atk=ee92107f-36c0-46fa-a8c4-7ea07fd36cea&xptdk=ee92107f-36c0-46fa-a8c4-7ea07fd36cea,EDP,4.1,Unisex,50,"550,000.00","11,000.00",Pomegranate,Red Rose,,Musk,Powdery,Red Rose,Musk,Red Rose,Pomegranate
158,Maison d' Ophelia,,Papillon,,https://shopee.co.id/PAPILLON-MAISON-D'-OPHELIA-EAU-DE-PARFUM-50ml-i.944238035.21271899059?sp_atk=35e0ec59-398b-405a-b1ff-7f4a1823db37&xptdk=35e0ec59-398b-405a-b1ff-7f4a1823db37,EDP,4.7,Unisex,50,"1,500,000.00","30,000.00",Jasmine,Lime,Ylang Ylang,Vanilla,Raspberry,Jasmine,Musk,Jasmine,Amber
159,Maison d' Ophelia,,Rose de Mai,,https://shopee.co.id/Red Rose-DE-MAI-MAISON-D'-OPHELIA-EAU-DE-PARFUM-50ml-i.944238035.19771901119?sp_atk=cfd8ac5d-73d4-461e-9d9f-29594a1f0674&xptdk=cfd8ac5d-73d4-461e-9d9f-29594a1f0674,EDP,4.2,Unisex,50,"1,250,000.00","25,000.00",Red Rose,Powdery,,Musk,Powdery,Red Rose,Musk,Red Rose,
160,Maison d' Ophelia,,Signature,,https://shopee.co.id/SIGNATURE-MAISON-D'-OPHELIA-EAU-DE-PARFUM-50ml-i.944238035.22720300876?sp_atk=b9e60dd6-4b6c-4829-91a6-f9f034b7df9a&xptdk=b9e60dd6-4b6c-4829-91a6-f9f034b7df9a,EDP,4,Unisex,50,"475,000.00","9,500.00",Freesia,Red Rose,Whiteoud,Musk,Peony,,Whiteoud,Pear,Red Rose
161,Maison SONO,https://www.instagram.com/maisonsono/?hl=en,Walking The Aisle,,https://shopee.co.id/maisonsono/17668723027,EDP,4.6,Unisex,35,"169,000.00","4,828.57",Water Jasmine,Ginger Flower,Green Mandarin Orange,Red Apple,Patchouli,Vanilla,Pear,Melon,Musk
162,Maison SONO,,Island in The Sun,,https://shopee.co.id/SONO-Perfume-Island-in-The-Sun-(35ml)-i.772857577.16468725770?sp_atk=48da9d3c-23a6-496d-a4c0-41916736af42&xptdk=48da9d3c-23a6-496d-a4c0-41916736af42,EDP,4.2,Unisex,35,"169,000.00","4,828.57",Cashmere,Amberwood,Vetiver,Hazelnut,Cedarwood,Plum,Sandalwood,Patchouli,Tonka Bean
163,Maison SONO,,Sleep On The Floor,,https://shopee.co.id/SONO-Perfume-Sleep-On-The-Floor-(35ml)-i.772857577.17168719891?sp_atk=c6a72f63-9681-4c49-b699-ec50f9d3765c&xptdk=c6a72f63-9681-4c49-b699-ec50f9d3765c,EDP,4,Unisex,35,"169,000.00","4,828.57",Gardenia,Bergamot,Apple,Iris,Oakmoss,Patchouli,Musk,Vanilla,Vetiver
164,Maison SONO,,Moon River,,https://shopee.co.id/Moon-River-SONO-Travel-Size-Perfume-10ml-i.772857577.22115542660?sp_atk=c3c6f93a-10aa-4254-8ac9-defe2fb95544&xptdk=c3c6f93a-10aa-4254-8ac9-defe2fb95544,EDP,4.7,Unisex,10,"59,000.00","5,900.00",Bubble Gum,Orange,,Amber,Peach,Musk,Vanilla,Coconut,Sandalwood
165,Maison SONO,,La Roslyn,,https://shopee.co.id/La-Roslyn-SONO-Travel-Size-Perfume-10ml-i.772857577.22023856938?sp_atk=0c89f465-dc54-4a47-8c53-a57f932451e2&xptdk=0c89f465-dc54-4a47-8c53-a57f932451e2,EDP,4.1,Unisex,10,"59,000.00","5,900.00",Bergamot,Cashmere,Patchouli,Pomegranate,Musk,Amber,Red Rose,Water Lily,Tuberose
166,Maison William Sicher,https://www.instagram.com/maisonwilliamsicher/,Sunrise Forest,,https://shopee.co.id/williamsicher1988/17084666836,EDP,4.2,Unisex,50,"53,800.00","1,076.00",Tangerine,Passionfruit,,Red Rose,,,Musk,,
167,Maison William Sicher,,Sanctuary Forest,,https://shopee.co.id/williamsicher1988/17084666836,EDP,4.9,Unisex,50,"53,800.00","1,076.00",Orange,Raspberry,Blue Red Rose,Red Rose,,,Cashmere,Musk,
168,Maison William Sicher,,Energy Forest,,https://shopee.co.id/williamsicher1988/17084666836,EDP,4.1,Unisex,50,"54,800.00","1,096.00",Peach Melba,Frangipani,,Raspberry,,,Oud,Musk,
169,Maison William Sicher,,Sanctuary Woody,,https://shopee.co.id/Sicher-Woody-For-Your-Senses-Eau-De-Parfume-50ML-i.489420473.18788603387?sp_atk=021defad-0b35-4db6-835b-436dd77c416e&xptdk=021defad-0b35-4db6-835b-436dd77c416e,EDP,4.8,Unisex,50,"53,800.00","1,076.00",Mace,Lavender,Cedar Bangla,Violet,Carnation,Honeysuckle,Gurjum Balsam,Patchouli,Vetiver
170,Maison William Sicher,,Sunrise Woody,,https://shopee.co.id/Sicher-Woody-For-Your-Senses-Eau-De-Parfume-50ML-i.489420473.18788603387?sp_atk=021defad-0b35-4db6-835b-436dd77c416e&xptdk=021defad-0b35-4db6-835b-436dd77c416e,EDP,4.2,Unisex,50,"54,800.00","1,096.00",Carnation,Honeydew,,Santoline,Spices,Violet,Australia Sandalwood,Amber,Katsura Wood
171,Memoir Perfumery,https://www.instagram.com/memoir_co/,Let's Freaking Go,,https://shopee.co.id/memoirofficial/23632386405,EDP,4.8,Unisex,50,"249,000.00","4,980.00",Lavender,Bergamot,Magnolia,Myrrh,Amber,Guaiac Wood,Tonka Bean,Vanilla,Almond
172,Memoir Perfumery,,Sixty Nine,,https://shopee.co.id/MEMOIR-Eau-De-Parfum-SIXTY-NINE-(69)-50ml-i.966532951.22132393450?sp_atk=e25ae6ec-b63d-474e-8f24-d229729190cb&xptdk=e25ae6ec-b63d-474e-8f24-d229729190cb,EDP,5,Unisex,50,"249,000.00","4,980.00",Cypriol,Saffron,Red Rose,Geranium,Jasmine,Cedarwood,Patchouli,Woody,Sandalwood
173,Midl,https://instagram.com/midl_id?igshid=YmMyMTA2M2Y=,Cloudnine,,https://www.tokopedia.com/midl/midl-cloudnine-perfume-edp-parfum-unisex-30ml?extParam=ivf%3Dfalse,EDP,4,Unisex,30,"125,000.00","4,166.67",Orange,Bergamot,Aromatic,Pear,Vanilla,Amber,Musk,Amber,Amber
174,Midl,,Easy Peasy,,https://www.tokopedia.com/midl/midl-easy-peasy-perfume-edp-parfum-unisex-30ml?extParam=whid%3D14056895,EDP,4.2,Unisex,30,"125,000.00","4,166.67",Lime,Mandarin Orange,,Basil,Thyme,Lilac,Vetiver,Patchouli,
175,Midl,,Ivy,,https://www.tokopedia.com/midl/midl-ivy-edp-parfum-unisex-30ml?extParam=whid%3D14056895,EDP,4.2,Unisex,30,"125,000.00","4,166.67",Litchi,Pear,Bergamot,Turkish Rose,Agarwood,Incense,Vanilla,Amber,Woody
176,Mine. Perfumery,https://www.instagram.com/mine.perfumery/,Ethereal,,https://shopee.co.id/mine.perfumery/8320514334,EDP,4.4,Feminime,50,"370,000.00","7,400.00",Vanilla,Almond,Hedione,Bergamot,Baby's Breath,Pink Pepper,Sandalwood,Cashmere,Orange
177,Mine. Perfumery,,Untamed,,https://shopee.co.id/Mine.-Perfumery-Mine-Dot-UNTAMED-50ml-Eau-De-Parfum-i.397344509.22040592784?sp_atk=38fa0d97-a213-4aa4-950c-e0083cb9c64c&xptdk=38fa0d97-a213-4aa4-950c-e0083cb9c64c,EDP,4.8,Masculine,50,"370,000.00","7,400.00",Citrus,Pink Pepper,Orange Blossom,Toasted Almond,Sandalwood,Juniper,Oud,Vanilla,Patchouli
178,Mine. Perfumery,,Narcotique,,https://shopee.co.id/Mine.-Perfumery-Mine-Dot-NARCOTIQUE-50ml-Eau-De-Parfum-i.397344509.7080621211?sp_atk=e0d53c29-8b20-4ed6-a5f4-aa8854ec4bc8&xptdk=e0d53c29-8b20-4ed6-a5f4-aa8854ec4bc8,EDP,4.8,Unisex,50,"370,000.00","7,400.00",Blood Orange,Bergamot,Sicilian Lemon,Sea Salt,Cardamom,Petitgrain,Vetiver,Cedarwood,Ambrette
179,Mine. Perfumery,,Lucid Dreams,,https://shopee.co.id/Mine.-Perfumery-Mine-Dot-LUCID-DREAMS-50ml-Eau-De-Parfum-i.397344509.9220515754?sp_atk=492d1dd2-f4fc-4236-a536-ba0402ed9451&xptdk=492d1dd2-f4fc-4236-a536-ba0402ed9451,EDP,4.4,Unisex,50,"370,000.00","7,400.00",Air,White Peach,Gardenia,Solar,Maltol,Vanilla,White Musk,Ambergris,Ambroxan
180,Mine. Perfumery,,Floraison,,https://shopee.co.id/Mine.-Perfumery-Mine-Dot-FLORAISON-50ml-Eau-De-Parfum-i.397344509.2923093582?sp_atk=3691c326-9144-47c4-9415-f9fc8d25c08c&xptdk=3691c326-9144-47c4-9415-f9fc8d25c08c,EDP,4.8,Unisex,50,"370,000.00","7,400.00",Pink Pepper,Peony,Lychee,Hedione,Red Rose,,White Musk,Patchouli,Rosewood
181,Mother of Perfumery,https://www.instagram.com/mop.beauty/,Savage Vanilla,,https://shopee.co.id/mop.beauty/18749545990,EDP,4.9,Unisex,45,"420,000.00","9,333.33",Bergamot,Red Rose,,Iris,Cedarwood,,Vanilla,Musk,
182,Multitude Scents,https://www.instagram.com/multitude.scents/,Kalut Kretek,,https://tokopedia.link/zhKfIJGZ7xb,EDP,4.5,Masculine,50,"350,000.00","7,000.00",Black Pepper,Mandarin Orange,,Fig,Clove,Tobacco,Patchouli,Amber,
183,Multitude Scents,,Mawar Merayu,,https://www.tokopedia.com/multitude/multitude-mawar-merayu-eau-de-parfum-50ml?extParam=whid%3D15168389,EDP,4.1,Feminime,50,"350,000.00","7,000.00",Rosa Centifolia,Saffron,,Lavender,Coconut,,Musk,Caramel,Dark Chocolate
184,Mykonos,https://www.instagram.com/officialmykonos/,Coconut Dreams,,https://shopee.co.id/mykonosofficial/14014614942,EDP,4.7,Feminime,50,"119,000.00","2,380.00",Coconut,Aloe Vera,Lily Of The Valley,Coconut Cream,Vanilla,Sweet Rice,Vanilla,Cashmere,
185,Mykonos,,Vanilla Clouds,,https://shopee.co.id/mykonosofficial/14014614942,EDP,5,Feminime,50,"119,000.00","2,380.00",Vanilla,Heliotrope,White Floral,Vanilla,Marshmallow,Iris,Caramel,White Musk,Vanilla
186,Mykonos,,Sansa,,https://shopee.co.id/Mykonos-Sansa-EDP-100-ML-i.146082540.18288393590?sp_atk=e02a82f8-4012-44d2-96f9-c4c3b1a9b0ff&xptdk=e02a82f8-4012-44d2-96f9-c4c3b1a9b0ff,EDP,4.8,Unisex,100,"299,000.00","2,990.00",Moss,Peach,Black Tea,Red Rose,Tuberose,Narcissus,Cedarwood,Orris Root,Vetiver
187,Mykonos,,Baby Love,,https://shopee.co.id/Mykonos-Baby-Love-EDP-100-ML-i.146082540.13783132184?sp_atk=a5b2f4a0-f01c-4173-9ccc-8136d0bcb1ee&xptdk=a5b2f4a0-f01c-4173-9ccc-8136d0bcb1ee,EDP,4.9,Unisex,100,"219,000.00","2,190.00",Violet,Musk,Red Rose,Violet,Red Rose,Peony,Violet,Musk,
188,Mykonos,,Pink Beach,,https://shopee.co.id/Mykonos-Pink-Beach-EDP-100-ML-i.146082540.16157538347?sp_atk=60409456-fd13-4c98-80ef-71cd5cf6993a&xptdk=60409456-fd13-4c98-80ef-71cd5cf6993a,EDP,4,Feminime,100,"219,000.00","2,190.00",Watermelon,Green Kiwi,Pink Pepper,Marine,Lily Of The Valley,Grapefruit,White Musk,Jasmine,Sandalwood
189,Myth Fragrance,https://www.instagram.com/mythfragrance/,Kitsu-Ne,,https://shopee.co.id/mythfragrance/16874162002,EDP,4.7,Unisex,50,"139,000.00","2,780.00",Green Tea,Rice,Orange,Jasmine,Red Rose,Freesia,Iris,Amber,Musk
190,Myth Fragrance,,Persephone,,https://shopee.co.id/Parfum-Persephone-EDP-50ml-MythFragrance-Parfum-Unisex-i.375538192.17179487348?sp_atk=e0b92aa3-9862-46c1-80c1-638d806a47f5&xptdk=e0b92aa3-9862-46c1-80c1-638d806a47f5,EDP,4.2,Unisex,50,"139,000.00","2,780.00",Blackberry,Raspberry,,Tuberose,Orange Blossom,,Black Vanilla,Patchouli,Milk
191,Myth Fragrance,,Toxic Flirt,,https://shopee.co.id/Parfum-Toxic-Flirt-Myth-Fragrance-X-TokoBDG-50ml-i.375538192.16357799663?sp_atk=39e8d1fd-266d-44b8-abe0-f93282cc7f50&xptdk=39e8d1fd-266d-44b8-abe0-f93282cc7f50,EDP,4.1,Unisex,50,"135,000.00","2,700.00",Wild Berries,Plum,Coriander,White Honey,Cinnamon,Tuberose,Vanilla,Amber,Cedarwood
192,Myth Fragrance,,Hades,,https://shopee.co.id/Vial-Parfum-Hades-EDP-5ml-MythFragrance-Parfum-Unisex-Travel-Size-i.375538192.23966877613?sp_atk=d4599b20-97b4-4eee-84fb-41673f61561a&xptdk=d4599b20-97b4-4eee-84fb-41673f61561a,EDP,4.9,Unisex,5,"35,000.00","7,000.00",Pear,Orange Blossom,Pink Pepper,Coffee,Passionfruit,Tiare Flower,Vanilla,Patchouli,Cedarwood
193,Myth Fragrance,,Zeus,,https://shopee.co.id/Vial-Parfum-Zeus-EDP-5ml-MythFragrance-Parfum-Unisex-Travel-Size-i.375538192.17997342669?sp_atk=cd1c1b0c-0ed2-429c-9409-6131a7643482&xptdk=cd1c1b0c-0ed2-429c-9409-6131a7643482,EDP,4.4,Unisex,5,"35,000.00","7,000.00",Blood Orange,Calabrian Bergamot,Lemon,Lavender,Jasmine,Red Rose,Patchouli,Palisander Rosewood,
194,NAMXL,https://www.instagram.com/namxlscent/,Summer Garden,,https://shopee.co.id/namxl/14919258226,EDP,4.2,Feminime,50,"139,300.00","2,786.00",Bergamot,Almond,Tuberose,Jasmine Sambac,Orange,White Rose,Tonka Bean,Vanilla,Sandalwood
195,NAMXL,,Arabian Reverie,,https://shopee.co.id/ARABIAN-REVERIE-by-NAMXL-edp-parfum-50ml-i.627139012.18129788505?sp_atk=ded8cf98-a5de-4871-bd81-5472020bcc42&xptdk=ded8cf98-a5de-4871-bd81-5472020bcc42,EDP,4.7,Unisex,50,"199,000.00","3,980.00",Bergamot,Agarwood,Leathery,Wild Berries,Grapefruits,,Cashmere,Ginger,Benzoin
196,NAMXL,,Bitter Sweet,,https://shopee.co.id/BITTER-SWEET-by-NAMXL-edp-parfum-50ml-i.627139012.20429774335?sp_atk=b2ac34b1-44d9-44ff-b875-0cf39ada9426,EDP,4.7,Unisex,50,"199,000.00","3,980.00",Peach,Caramel,,Vanilla,Kiwi,Jasmine,Rum,Patchouli,Sandalwood
197,NAMXL,,Island of Gods,,https://shopee.co.id/ISLAND-OF-GODS-(-B%C3%A1li-)-by-NAMXL-edp-parfum-50ml-i.627139012.21029641548?sp_atk=bca33b4c-091a-451a-98de-73ecd77aa5c9,EDP,4.7,Unisex,50,"199,000.00","3,980.00",Frangipani,Tulip,Cyclamen,Freesia,Green Tea,,Green,,
198,NAMXL,,Last Boyfriend,,https://shopee.co.id/LAST-BOYFRIEND-by-NAMXL-edp-parfum-50ml-i.627139012.20029792294?sp_atk=cf07525c-cd2b-4929-b739-e283a4b6d0aa,EDP,4,Unisex,50,"199,000.00","3,980.00",Orange,Bergamot,Cedarwood,Grapefruit,Mint,Amber,Pine Tree,Tonka Bean,Strawberry
199,Nevernot,https://www.instagram.com/nevernotofficial/,Petite Avenue,,https://shopee.co.id/nevernotofficial/20304800508,EDP,4.8,Unisex,35,"189,000.00","5,400.00",Earl Grey Tea,Mandarin Orange,,Freesia,Red Rose,Jasmine,Iris,Musk,Sandalwood
200,Nevernot,,Date of Birth,,https://shopee.co.id/Date-of-Birth-Never-Not-Official-The-Routine-Series-EDP-i.777226914.21040724698?sp_atk=eec27f71-fc84-4a92-83b7-f3967c5467c0&xptdk=eec27f71-fc84-4a92-83b7-f3967c5467c0,EDP,4.8,Unisex,35,"189,000.00","5,400.00",Violet,Vanilla,Red Rose,Freesia,Pear Flowers,,Powdery,Woody,
201,Nevernot,,RSVP,,https://shopee.co.id/RSVP-Never-not-Signature-Series-EDP-i.777226914.19804799787?sp_atk=fb9be45d-0a8a-4610-aab5-c63834a7aa1a&xptdk=fb9be45d-0a8a-4610-aab5-c63834a7aa1a,EDP,5,Feminime,35,"189,000.00","5,400.00",Raspberry,Cherry,Peach,Marshmellow,Gardenia,Orchid,Musk,Oak,Ylang Ylang
202,Nevernot,,Hello Prune,,https://shopee.co.id/Hello-Prune-Never-Not-Official-Signature-Series-EDP-i.777226914.21004801231?sp_atk=f919eca9-1256-4ae0-9636-961463a3658b&xptdk=f919eca9-1256-4ae0-9636-961463a3658b,EDP,4.5,Unisex,35,"189,000.00","5,400.00",Magnolia,Bergamot,,Peach,Jasmine,,Amber,Sandalwood,Vanilla
203,Nevernot,,Tripping Apple,,https://shopee.co.id/Tripping-Apple-Never-Not-Official-The-Routine-Series-EDP-i.777226914.17283873843?sp_atk=057c6ae3-ac6d-46a9-845c-9556afe7d5cf&xptdk=057c6ae3-ac6d-46a9-845c-9556afe7d5cf,EDP,4.1,Unisex,35,"189,000.00","5,400.00",Red Apple,Cassis,,Iris,May Rose,Freesia,Sandalwood,Virginia Cedarwood,Patchouli
204,Next Door Neighbor,https://www.instagram.com/nextdoorneighbor__/,Ms. Kana,,https://shopee.co.id/nextdoorneighbor/18452840309,EDP,4.5,Feminime,30,"139,000.00","4,633.33",Sour Cherry,Raspberry,Orange,Vanilla,Gardenia,,Sandalwood,Musk,
205,Next Door Neighbor,,Mr. Robinson,,https://shopee.co.id/NDN-Next-Door-Neighbor-Parfum-Mr.-Robinson-EDP-(Eau-de-Perfume)-30ml-i.803734401.18247056074?sp_atk=5ea6a46e-0f5a-4479-8fea-3e497ede1d5d&xptdk=5ea6a46e-0f5a-4479-8fea-3e497ede1d5d,EDP,4.8,Unisex,30,"129,000.00","4,300.00",Lemon,Pineapple,Raspberry,Patchouli,Virginia Cedarwood,Red Apple,Vanilla,Sandalwood,Amber
206,Next Door Neighbor,,Mr. Watkins,,https://shopee.co.id/NDN-Next-Door-Neighbor-Parfum-Mr.-Watkins-EDP-(Eau-de-Perfume)-30ml-i.803734401.21947053524?sp_atk=7125cfaf-b005-45cf-b4c3-ab338949ac64,EDP,4.4,Unisex,30,"129,000.00","4,300.00",Bergamot,Spices,Lavender,Violet,Lotus,Apple,Musk,Sandalwood,Vetiver
207,Next Door Neighbor,,Mr. Eiji,,https://shopee.co.id/NDN-Next-Door-Neighbor-Mr.-Eiji-30ml-i.803734401.22912115917?sp_atk=74dbb7b5-b5fd-4b20-a55b-e9b4da51ff74&xptdk=74dbb7b5-b5fd-4b20-a55b-e9b4da51ff74,EDP,4.5,Unisex,30,"139,000.00","4,633.33",Raspberry,Blackberry,,Ylang Ylang,,,Vanilla,Cinnamon,
208,Oaken Lab,https://www.instagram.com/oakenlab/,Earth of Mankind,,https://shopee.co.id/oaken.lab/9114483632,EDP,4.7,Unisex,50,"799,000.00","15,980.00",Agarwood,Patchouli,Vetiver,Clove,Cassia,Tobacco,Vanilla,,
209,Oaken Lab,,Serious Moonlight,,https://shopee.co.id/Oaken-Lab-Perfume-50ml-Serious-Moonlight-i.326123192.18440438944?sp_atk=355ef7d7-ed06-4515-9c46-2f634f0fc9d1&xptdk=355ef7d7-ed06-4515-9c46-2f634f0fc9d1,EDP,4.7,Unisex,50,"799,000.00","15,980.00",Pomelo,Darjeeling Black Tea,Coconut,Night Jasmine,Woody,Oud,Vanilla,Leathery,Tar
210,Oaken Lab,,Conservatory,,https://shopee.co.id/OAKEN-LAB-Perfume-50ml-Conservatory-i.326123192.9114483870?sp_atk=80b89fc5-4545-4bca-b08e-a66f7a3db57d&xptdk=80b89fc5-4545-4bca-b08e-a66f7a3db57d,EDP,4.9,Unisex,50,"799,000.00","15,980.00",Basil,Orange Peel,Bergamot,Neroli,Red Rose,Cedarwood,Benzoin,Ambergris,Patchouli
211,Oaken Lab,,Far Afield,,https://shopee.co.id/OAKEN-LAB-Perfume-50ml-Far-Afield-i.326123192.8614478614?sp_atk=6d4a760f-d6fb-4047-8161-4e1f1e9450d9&xptdk=6d4a760f-d6fb-4047-8161-4e1f1e9450d9,EDP,4.9,Unisex,50,"799,000.00","15,980.00",Aqua,Cedarwood,,Black Pepper,,,Bergamot,Ozonic,
212,Oaken Lab,,Sanctum,,https://shopee.co.id/OAKEN-LAB-Perfume-50ml-Sanctum-i.326123192.8914484424?sp_atk=b16aec94-edc6-4e0a-adf7-d4d5063a4622&xptdk=b16aec94-edc6-4e0a-adf7-d4d5063a4622,EDP,4.5,Unisex,50,"799,000.00","15,980.00",Translucent Jasmine,Dry Bergamot,Red Rose,Paper,Sandalwood,Benzoin,Virginia Cedarwood,Patchouli,
213,Onix,https://www.instagram.com/onix.id/,FWB,,https://shopee.co.id/product/190702037/4348098389,EDP,4.3,Unisex,50,"189,000.00","3,780.00",Bergamot,Lemon,Orange,Freesia,White Floral,Amber,Amber,Vetiver,Musk
214,Onix,,Mexicola,,https://shopee.co.id/ONIX-MEXICOLA-i.190702037.6415722426?sp_atk=634d18df-c6f3-4ef2-abec-16876b297723&xptdk=634d18df-c6f3-4ef2-abec-16876b297723,EDP,4.6,Unisex,50,"188,000.00","3,760.00",Raspberry,Apple,Pineapple,Jasmine,Muguet,Cyclamen,Sandalwood,Coconut,Caramel
215,Onix,,Gratitute,,https://shopee.co.id/ONIX-GRATITUDE-i.190702037.20249894512?sp_atk=cc3d5316-ab5a-4067-91ff-a7e0e275d099&xptdk=cc3d5316-ab5a-4067-91ff-a7e0e275d099,EDP,4.2,Unisex,50,"197,000.00","3,940.00",Green,Fruity,Ozonic,White Floral,Caramel,Lactone,Amber,Musk,Vanilla
216,Onix,,Senoparty,,https://shopee.co.id/ONIX-SENOPARTY-i.190702037.3515818016?sp_atk=16730e13-ea2f-4c99-9222-d84d5594fa98&xptdk=16730e13-ea2f-4c99-9222-d84d5594fa98,EDP,4.5,Unisex,50,"177,000.00","3,540.00",Saffron,Fir,Bergamot,Oud,White Floral,Tageta,Amber,Musk,Cedarwood
217,Onix,,Helena,,https://shopee.co.id/HELENA-i.190702037.14757982776?sp_atk=78c0e0b9-955e-4132-9703-651ebf3d55a9&xptdk=78c0e0b9-955e-4132-9703-651ebf3d55a9,EDP,4.4,Unisex,50,"349,000.00","6,980.00",Lemon,Bergamot,Ozonic,Violet,Black Pepper,Pink Pepper,Patchouli,Vetiver,Woody
218,Onja,https://www.instagram.com/onja.id/,Savio,,https://shopee.co.id/onjaofficial/19971575723,EDP,4.2,Feminime,50,"170,000.00","3,400.00",Green Apple,Mint,Dew Berry,Freesia,Jasmine,Lily,Musk,Amber,Peach
219,Onja,,Fabo,,https://shopee.co.id/ONJA-Fabo-for-HIM-EDP-i.96704114.15896191672?sp_atk=c07881fd-f676-4e94-9f71-2aaa2fa166df&xptdk=c07881fd-f676-4e94-9f71-2aaa2fa166df,EDP,4.3,Masculine,50,"170,000.00","3,400.00",Tobacco,Spices,Mint,Vanilla,Tonka Bean,Geranium,Woody,Vetiver,Oakmoss
220,Orris,https://www.instagram.com/orris_id/,Antheia,,https://shopee.co.id/orrisperfume/10472485499,EDP,4.2,Unisex,50,"139,000.00","2,780.00",Red Red Rose,Black Pepper,,Raspberry,,,Papyrus,Amber,
221,Orris,,Arinna,,https://shopee.co.id/Orris-Eau-de-Parfum-Arinna-i.544573640.10372496491?sp_atk=4bca2948-5c36-4715-a7b6-b72bf788f57c&xptdk=4bca2948-5c36-4715-a7b6-b72bf788f57c,EDP,4.7,Unisex,50,"139,000.00","2,780.00",Pear,Melon,,Freesia,Red Rose,Musk,Patchouli,Rhuburb,Amber
222,Orris,,Amalur,,https://shopee.co.id/Orris-Eau-de-Parfum-Amalur-i.544573640.9196828931?sp_atk=6b7e7021-ea14-43b1-9975-29c77f6defcb&xptdk=6b7e7021-ea14-43b1-9975-29c77f6defcb,EDP,4.2,Unisex,50,"139,000.00","2,780.00",Lavender,Mandarin Orange,Petitgrain,Blackcurrant,Orange Blossom,,Vanilla,Musk,Cedarwood
223,Orris,,Eirine,,https://shopee.co.id/Orris-Eau-de-Parfum-Eirine-i.544573640.11372500589?sp_atk=71a8953b-d092-4035-8f4d-8928094557f2&xptdk=71a8953b-d092-4035-8f4d-8928094557f2,EDP,4.9,Unisex,50,"139,000.00","2,780.00",Pear,Melon,Peach,Lily,Freesia,Orchid,Vanilla,Cedarwood,Musk
224,Orris,,Hemera,,https://shopee.co.id/Orris-Eau-de-Parfum-Hemera-i.544573640.13051398013?sp_atk=9d434bf1-3b1e-41e2-8a90-071c9daaf2b6&xptdk=9d434bf1-3b1e-41e2-8a90-071c9daaf2b6,EDP,4.5,Unisex,50,"139,000.00","2,780.00",Red Red Rose,Musk,,Ambroxan,Woody,,Amber,Tobacco,
225,OUDS,https://www.instagram.com/ouds.id/,PSYCH,,https://shopee.co.id/ouds.id/7287844958,EDP,4.2,Unisex,35,"150,000.00","4,285.71",Aldehyde,Bergamot,Lemon,Apple,Violet,Pineapple,Ambergris,Musk,Cedarwood
226,OUDS,,BAKA,,https://shopee.co.id/OUDS-Perfume-Baka-i.258089214.4951672223?sp_atk=55b596e0-7ef1-4b8d-a4c9-ce2750d44c57&xptdk=55b596e0-7ef1-4b8d-a4c9-ce2750d44c57,EDP,4.3,Unisex,35,"150,000.00","4,285.71",Lemon,Mandarin Orange,,Patchouli,Musk,,Sandalwood,Agarwood,
227,OUDS,,NUSA,,https://shopee.co.id/OUDS-Perfume-NUSA-i.258089214.7748294386?sp_atk=6ef85724-e453-4e71-a82a-786aad4e69bf&xptdk=6ef85724-e453-4e71-a82a-786aad4e69bf,EDP,4,Unisex,35,"150,000.00","4,285.71",Bergamot,Chamomile,Bulgarian Rose,Hedione,Guaiac Wood,,Papyrus,Agarwood,
228,OUDS,,NERD,,https://shopee.co.id/OUDS-Perfume-NERD-i.258089214.19970220054?sp_atk=03c3858e-1505-41cd-aedf-fed6778e88a5&xptdk=03c3858e-1505-41cd-aedf-fed6778e88a5,EDP,4.3,Unisex,35,"150,000.00","4,285.71",Chocolate,Lavender,,Honey,Geranium,Jasmine,Musk,Sandalwood,Tonka Bean
229,Oullu,https://www.instagram.com/oullu.id/,Arcana,,https://shopee.co.id/oullu/3316147789,EDP,4.3,Feminime,50,"389,000.00","7,780.00",Licorice,Almond,,Pistachio,Rhubarb,,Ambergris,Vanilla,
230,Oullu,,Solar Rays,,https://shopee.co.id/Oullu-Solar-Rays-50ml-EDP-i.221212736.3760979867?sp_atk=1460ae81-4c32-4fd2-8361-7522d0227065&xptdk=1460ae81-4c32-4fd2-8361-7522d0227065,EDP,4.6,Feminime,50,"389,000.00","7,780.00",Caramel Popcorn,Brown Sugar,Tangerine,Orchid,Chinese Osmanthus,,Tonka Bean,Bourbon Vanilla,Sandalwood
231,Oullu,,Ego,,https://shopee.co.id/Oullu-Ego-50ml-EDP-i.221212736.4916048441?sp_atk=57b6a368-32a2-4668-b9a6-9aaa45241c46&xptdk=57b6a368-32a2-4668-b9a6-9aaa45241c46,EDP,5,Unisex,50,"389,000.00","7,780.00",Cassis,Fig,,Violet,Geranium,,Cedarwood,Patchouli,
232,Oullu,,Aether,,https://shopee.co.id/Oullu-Aether-50ml-EDP-i.221212736.5616048767?sp_atk=5fe49168-9e3a-4842-8d7b-1dafd370452d&xptdk=5fe49168-9e3a-4842-8d7b-1dafd370452d,EDP,4.3,Unisex,50,"389,000.00","7,780.00",Darjeerling,Sapodilla,,Cucumber,Magnolia,,Virginia Cedarwood,Jasmine,
233,Oullu,,Zephyr,,https://shopee.co.id/Oullu-Zephyr-50ml-EDP-i.221212736.5916053958?sp_atk=5cbe74ec-b46e-459a-9684-82e1fa7c5297&xptdk=5cbe74ec-b46e-459a-9684-82e1fa7c5297,EDP,4.3,Unisex,50,"389,000.00","7,780.00",Bergamot,Lemon,,Jasmine,Apricot,,Amber,Sandalwood,
234,Oullu,,Bird Song,,https://shopee.co.id/Oullu-Bird-Song-50ml-EDP-i.221212736.7660888971?sp_atk=b48f0f5a-c3b1-4860-b11c-054d14c6364d&xptdk=b48f0f5a-c3b1-4860-b11c-054d14c6364d,EDP,4.4,Unisex,50,"389,000.00","7,780.00",Pineapple,Water Lily,Hortensia,Kumquat Plum,Anise,,Amberwood,Myrrh,
235,Oullu,,Umbra,,https://shopee.co.id/Oullu-Umbra-50ml-EDP-i.221212736.6016047645?sp_atk=05a8436f-e84a-474e-a6cd-dc716fde883b,EDP,4.9,Unisex,50,"389,000.00","7,780.00",Amalfi Lemon,Grapefruit,,Clove,Black Pepper,,Oakmoss,Pine,
236,Oullu,,Deep Dive,,https://shopee.co.id/Oullu-Deep-Dive-15ml-EDP-i.221212736.6160889794?sp_atk=36b4fd2d-3380-41a2-ad55-b73bfeee93eb&xptdk=36b4fd2d-3380-41a2-ad55-b73bfeee93eb,EDP,5,Unisex,50,"389,000.00","7,780.00",Lemon Blossom,Barley,Ozonic,Sage,Hinoki,,Oakmoss,Cashmere,
237,Oullu,,One And Only,,https://shopee.co.id/Oullu-One-And-Only-50ml-EDT-i.221212736.17549630225?sp_atk=2880a471-725f-454c-8295-2be766faeee1&xptdk=2880a471-725f-454c-8295-2be766faeee1,EDT,5,Unisex,50,"195,000.00","3,900.00",Apple,Melon,,Marine,Lychee,,Jasmine,Musk,Amber
238,Oullu,,Lonely Hearts,,https://shopee.co.id/Oullu-Lonely-Hearts-50ml-EDT-i.221212736.17449625939?sp_atk=c3d41c99-2c11-416c-806d-28057b46bdcf&xptdk=c3d41c99-2c11-416c-806d-28057b46bdcf,EDT,4.1,Feminime,50,"195,000.00","3,900.00",Red Rose,Apple,Anise,Red Rose,Fresh Flowers,Clove,Vanilla,Amberwood,Musk
239,Perfume Republic,https://www.instagram.com/perfumerepublic_id/,On Point,,https://shopee.co.id/cnfperfumery/13845645920,EDT,4.2,Unisex,100,"249,000.00","2,490.00",Pineapple,Bergamot,Black Pepper,Cardamom,Apple,Black Pepper,Oakmoss,Cedarwood,Amber
240,Perfume Republic,,Piece Of Cake,,https://shopee.co.id/PERFUME-REPUBLIC-PIECE-OF-CAKE-EDT-100ML-i.53497038.8996466955?sp_atk=5cd41f4f-f970-4685-acfd-09621f61a6f2&xptdk=5cd41f4f-f970-4685-acfd-09621f61a6f2,EDT,4,Unisex,100,"249,000.00","2,490.00",Strawberry,Raspberry,Bergamot,Datura,Jasmine,Peony,Musk,Amber,Patchouli
241,Perfume Republic,,Live And Learn,,https://shopee.co.id/PERFUME-REPUBLIC-LIVE-AND-LEARN-EDT-100ML-i.53497038.13345660747?sp_atk=b1863578-6c40-456d-a592-dca6741db472&xptdk=b1863578-6c40-456d-a592-dca6741db472,EDT,4.1,Unisex,100,"249,000.00","2,490.00",Lemon,Lime,Green,Jasmine,Freesia,Cinnamon,Cedarwood,Amber,Musk
242,Perfume Republic,,Out In Bloom,,https://shopee.co.id/PERFUME-REPUBLIC-OUT-IN-BLOOM-EDT-100-ML-i.53497038.17852004267?sp_atk=f4d25607-a727-469c-9d9e-2617cacad5cb&xptdk=f4d25607-a727-469c-9d9e-2617cacad5cb,EDT,4.4,Feminime,100,"249,000.00","2,490.00",Apricot,Pomelo,Violet,Red Rose,Peony,Osmanthus,Musk,Amber,
243,Perfume Republic,,Hang In There,,https://shopee.co.id/PERFUME-REPUBLIC-HANG-IN-THERE-EDT-100ML-i.53497038.13945653138?sp_atk=9bdec094-7e63-4403-8f17-74d3c2a8de86&xptdk=9bdec094-7e63-4403-8f17-74d3c2a8de86,EDT,4.1,Unisex,100,"249,000.00","2,490.00",Green Apple,Lemon,Watermelon,Pineapple,Woody,Lavender,Patchouli,Vetiver,Amberwood
244,Perfume Republic,,Break A Leg,,https://shopee.co.id/PERFUME-REPUBLIC-BREAK-A-LEG-EDT-100ML-i.53497038.13145670044?sp_atk=71846b3d-b35e-4519-8485-778328b52d5a&xptdk=71846b3d-b35e-4519-8485-778328b52d5a,EDT,4.1,Unisex,100,"249,000.00","2,490.00",Lemin,Pink Pepper,Peppermint,Olibanum,Orris Root,Nutmeg,Patchouli,Sandalwood,Vetiver
245,Pive Perfumery,https://www.instagram.com/pive.co/,Antheia,,https://shopee.co.id/piveperfumery/18122446109,EDP,4.2,Unisex,33,"125,000.00","3,787.88",Hyacinth,Bergamot,,Red Rose,Jasmine,Peony,Sandalwood,Amber,Tonka Bean
246,Pive Perfumery,,Glaukos,,https://shopee.co.id/PIVE-Parfums-GLAUKOS-EDP-33ml-i.679552340.20422445507?sp_atk=f7e5e65e-83c4-4751-bf2a-5ae75841cea9,EDP,4.7,Unisex,33,"125,000.00","3,787.88",Grapefruit,Mint,Juniper,Lavender,Bergamot,Rosemary,Musk,Watery,
247,Pive Perfumery,,Hector,,https://shopee.co.id/PIVE-Parfums-HECTOR-EDP-33ml-i.679552340.19622445021?sp_atk=1f06a72d-5b19-4648-b126-bdc1ac230bdb,EDP,4.8,Unisex,33,"125,000.00","3,787.88",Kaffir Lime,Lemon,Ginger,Leathery,Cinnamon,Nutmeg,Musk,Amber,Woody
248,Pive Perfumery,,Daga,,https://shopee.co.id/PIVE-Parfums-DAGA-EDP-33ml-i.679552340.23331151129?sp_atk=b8b4e818-35a0-4286-9c27-9b4454d57cb2&xptdk=b8b4e818-35a0-4286-9c27-9b4454d57cb2,EDP,4.6,Masculine,33,"125,000.00","3,787.88",Apple,Lavender,Vanilla,Cardamom,Black Pepper,,Vanilla,,
249,Project 1945,https://www.instagram.com/project1945.id/,Sunset In Sumba,,https://shopee.co.id/project1945.id/13857878093,EDP,4.6,Masculine,100,"275,000.00","2,750.00",Mandarin Orange,Red Apple,Cardamom,Lavender,Incense,Clove,Patchouli,Vanilla,
250,Project 1946,,Bamboe Roencing,,https://shopee.co.id/Project-1945-Bamboe-Roencing-Perfume-EDP-Parfum-Unisex-100ml-i.525897828.14313059717?sp_atk=99115d47-491e-4505-af66-c4d1178abd2c&xptdk=99115d47-491e-4505-af66-c4d1178abd2c,EDP,4.5,Unisex,100,"275,000.00","2,750.00",Bergamot,Marine,Green,Freesia,Water Lily,Osmanthus,Musk,Woody,Dried Fruits
251,Project 1947,,Fields Of Ubud,,https://shopee.co.id/Project-1945-Fields-of-Ubud-Perfume-EDP-Parfum-Unisex-100ml-i.525897828.12097486404?sp_atk=bcccbe23-7019-47f5-8252-95008cc955d8&xptdk=bcccbe23-7019-47f5-8252-95008cc955d8,EDP,4.8,Unisex,100,"295,000.00","2,950.00",Ambrette Seeds,Buchu Leaves,Bergamot,Lavender,Sea Salt,Sage,Vetiver,Sandalwood,Oakmoss
252,Project 1948,,Apresiasi,,https://shopee.co.id/Project-1945-Apresiasi-Perfume-EDP-Parfum-Unisex-100ml-i.525897828.15297089945?sp_atk=ba67ea01-7235-4d5b-9d67-f607bd3865e3&xptdk=ba67ea01-7235-4d5b-9d67-f607bd3865e3,EDP,4.8,Unisex,100,"295,000.00","2,950.00",Bergamot,Ambrette Seed,Orange,Neroli,Petitgrain,Musk,Vetiver,Cedarwood,Amber
253,Project 1949,,The Great Batavia,,https://shopee.co.id/Project-1945-The-Great-Batavia-Perfume-EDP-Parfum-Unisex-100ml-i.525897828.10576189734?sp_atk=c963388b-3ea4-4348-a710-88c2a624b106&xptdk=c963388b-3ea4-4348-a710-88c2a624b106,EDP,4,Unisex,100,"275,000.00","2,750.00",Apple,Lemon,Watermelon,Lavender,Clove,Geranium,Patchouli,Vanilla,Tonka Bean
254,Project 1950,,Princess Of Java,,https://shopee.co.id/Project-1945-Princess-of-Java-EDP-Parfum-Unisex-100ml-i.525897828.21627772546?sp_atk=f06b600e-864d-41ca-9152-87a432a9e72d&xptdk=f06b600e-864d-41ca-9152-87a432a9e72d,EDP,4.1,Feminime,100,"275,000.00","2,750.00",Peach,Green Pear,Bitter Orange,Tuberose,Neroli,Jasmine,Vanilla,Sandalwood,Musk
255,Project 1951,,Waters Of Maluku,,https://shopee.co.id/Project-1945-Waters-of-Maluku-Perfume-EDP-Parfum-Unisex-100ml-i.525897828.20061806362?sp_atk=adcacd65-eb98-4ef0-ba0f-01cf2f71b6be&xptdk=adcacd65-eb98-4ef0-ba0f-01cf2f71b6be,EDP,4.9,Unisex,100,"295,000.00","2,950.00",Grapefruit,Carrot,Green Tea,Lotus,Peony,Cinnamon,Clove,Cistus,Incense
256,Readyset,https://www.instagram.com/readysetofficial/?hl=en,Windrises,,https://shopee.co.id/readysetofficial/11870460938,EDP,4.4,Unisex,35,"169,000.00","4,828.57",Aldehyde,Lily Of The Valley,,Iris,Neroli,Violet,Woody,Musk,
257,Readyset,,Koriko 1950,,https://shopee.co.id/Koriko-1950-Readyset-Signature-EDP-i.362693634.9880199109,EDP,4.4,Feminime,35,"169,000.00","4,828.57",Cucumber,Vanilla,,Vanilla Flower,,,Musk,,
258,Readyset,,Yokshire,,https://shopee.co.id/Yokshire-Readyset-Signature-EDP-i.362693634.8417757188,EDP,4.9,Feminime,35,"169,000.00","4,828.57",Balsam,Almond,Freesia,Iris,Tuberose,Poppy,Vanilla,Tonka Bean,
259,Readyset,,Prah Boulevard,,https://shopee.co.id/Pr%C3%A0h-Boulevard-Readyset-Signature-EDP-i.362693634.3695104627,EDP,4.1,Feminime,35,"169,000.00","4,828.57",Bergamot,Tuberose,,Jasmine,,,Sandalwood,Ginger,
260,Readyset,,Petite Garden,,https://shopee.co.id/Petite-Garden-Readyset-Signature-EDP-i.362693634.8180187533,EDP,5,Feminime,35,"169,000.00","4,828.57",Damask Rose,Musk,,Woody,,,Mandarin Orange,,
261,Readyset,,Brooklyn Flea,,https://shopee.co.id/Brooklyn-Flea-Readyset-Signature-EDP-i.362693634.11331817005?sp_atk=5369d1ba-dcfb-4018-bb12-a2a3af20c8f8&xptdk=5369d1ba-dcfb-4018-bb12-a2a3af20c8f8,EDP,5,Unisex,35,"169,000.00","4,828.57",Cadarmom,Violet,,Agarwood,,,Sandalwood,Amber,
262,Readyset,,59,,https://shopee.co.id/59-Readyset-Signature-EDP-i.362693634.13247777747?sp_atk=2cc09b35-08f2-467e-a0ae-10b2d871813f&xptdk=2cc09b35-08f2-467e-a0ae-10b2d871813f,EDP,4.5,Feminime,35,"169,000.00","4,828.57",Gardenia,Pear,Watery,Ylang Ylang,Cinnamon,Orange Flower,Cashmere,Suede,Oakmoss
263,Readyset,,Glimpse of,,https://shopee.co.id/Glimpse-of-Ready-Set-Boutique-Collection-EDP-i.362693634.16978477974?sp_atk=db229bc8-80f9-42aa-9563-0e2436b7c4bd&xptdk=db229bc8-80f9-42aa-9563-0e2436b7c4bd,EDP,4.4,Unisex,35,"189,000.00","5,400.00",Bitter Orange,Peach,Jasmine,Poppy,Lotus,Magnolia,Amber,,
264,Readyset,,Wake Up!,,https://shopee.co.id/Wake-Up!-Readyset-Boutique-Collection-EDP-i.362693634.20020806921?sp_atk=25d2f866-4e6e-4477-9038-ee76efe63179&xptdk=25d2f866-4e6e-4477-9038-ee76efe63179,EDP,4.3,Unisex,35,"189,000.00","5,400.00",Iris,Powdery,,Cyclamen,Water Lily,,Ambrette,Musk,Red Rose
265,Readyset,,Adieu!,,https://shopee.co.id/Adieu!-Readyset-Boutique-Collection-EDP-i.362693634.19120808169?sp_atk=269dca2f-aff1-4b2f-af9e-55b15ba340d6&xptdk=269dca2f-aff1-4b2f-af9e-55b15ba340d6,EDP,4.3,Unisex,35,"189,000.00","5,400.00",Guaiac Wood,Agarwood,Lily,Anise,Cedarwood,,Amber,,
266,Readyset,,Monday,,https://shopee.co.id/UNTITLED-Readyset-Boutique-Collection-EDP-i.362693634.19346804118?sp_atk=19520db2-4804-46aa-b7f3-278456a7925e&xptdk=19520db2-4804-46aa-b7f3-278456a7925e,EDP,4.6,Feminime,35,"189,000.00","5,400.00",Ylang Ylang,Sage,Apple,Neroli,Narcissus,Iris,Amber,Musk,Tonka Bean
267,Readyset,,UNTITLED,,https://shopee.co.id/UNTITLED-Readyset-Boutique-Collection-EDP-i.362693634.19346804118?sp_atk=19520db2-4804-46aa-b7f3-278456a7925e&xptdk=19520db2-4804-46aa-b7f3-278456a7925e,EDP,4.1,Unisex,35,"189,000.00","5,400.00",Bergamot,Honey,,Peach,Orange Blossom,Pear,Tonka Bean,Milk,Cashmere
268,Readyset,,Chateau,,https://shopee.co.id/Chateau-Readyset-x-Sheila-Arief-(EDP)-i.362693634.13582154275?sp_atk=1723c801-f3a7-4ce2-addc-dbff35ba2bf2&xptdk=1723c801-f3a7-4ce2-addc-dbff35ba2bf2,EDP,4.8,Unisex,35,"179,000.00","5,114.29",Sage,White Tea,Bergamot,Iris,,,Amber,Tiare,
269,Readyset,,Memoire 21,,https://shopee.co.id/Memoire-21-Readyset-x-Sheila-Arief--i.362693634.17924757426?xptdk=ccbc2f44-9f45-42c7-bba2-0e74df2d6505,EDP,4.7,Feminime,35,"179,000.00","5,114.29",Tuberose,Honeysuckle,Mandarin Orange,Orchid,,,Woody,Tonka Bean,Musk
270,Readyset,,Tea Time,,https://shopee.co.id/Tea-Time-Readyset-x-Sheila-Arief--i.362693634.16924759695?sp_atk=840005b3-32e9-45af-927c-cd70a27d380a&xptdk=840005b3-32e9-45af-927c-cd70a27d380a,EDP,4.1,Unisex,35,"179,000.00","5,114.29",Sencha Tea,Lotus,,Mandarin Orange,Spices,,Musk,Sandalwood,
271,Readyset,,The White Rabbit,,https://shopee.co.id/The-White-Rabbit-Readyset-x-Sheila-Arief-(EDP)-i.362693634.13282159617?sp_atk=8ed10650-0e97-48ee-af21-0c813b8609aa,EDP,4.2,Unisex,35,"179,000.00","5,114.29",Cotton,Musk,Tonka Bean,,,,,,
272,Readyset,,Where Is Audrey?,,https://shopee.co.id/Where-is-Audrey-Readyset-x-Audrey-EDP-i.362693634.23508486050?sp_atk=f0efcb84-26b4-4b7c-a2c8-48fb92a8acff&xptdk=f0efcb84-26b4-4b7c-a2c8-48fb92a8acff,EDP,4.1,Unisex,35,"179,000.00","5,114.29",Blackcurrant,Red Rose,,Neroli,Lemongrass,Lily Of The Valley,Virginia Cedarwood,,
273,Readyset,,Magic Shop,,https://shopee.co.id/Magic-Shop-Readyset-x-Audrey-EDP-i.362693634.13397749540?sp_atk=df2be4b1-9f20-494c-9a1d-94ca8bb16347&xptdk=df2be4b1-9f20-494c-9a1d-94ca8bb16347,EDP,4,Unisex,35,"179,000.00","5,114.29",Patchouli,Peony,,Mimosa,,,Oakmoss,Benzoin,
274,Readyset,,Sprinkled Heart,,https://shopee.co.id/Sprinkled-Heart-Readyset-x-Audrey-EDP-i.362693634.23108485978?sp_atk=348b0254-03a0-45b5-81ae-f5a493db0f0a&xptdk=348b0254-03a0-45b5-81ae-f5a493db0f0a,EDP,4.2,Unisex,35,"179,000.00","5,114.29",Frangipani,Honeysuckle,Mandarin Orange,Mimosa,Juniper,,Vanilla,Musk,Olibanum
275,Readyset,,Amitie - The Prelude,,https://shopee.co.id/Amitie-The-Prelude-(EDP)-i.362693634.23137257815?sp_atk=f0811b90-e613-49f6-b461-1153fa70eba5&xptdk=f0811b90-e613-49f6-b461-1153fa70eba5,EDP,4.8,Unisex,50,"209,000.00","4,180.00",White Musk,Bergamot,,Jasmine,Iris,Grapefruit,White Rose,,
276,Readyset,,Amitie - Ecoute,,https://shopee.co.id/Amitie-Ecoute-(EDP)-i.362693634.23037257867?sp_atk=69dbfd8b-a40b-44ff-89b6-fe9efd469af7&xptdk=69dbfd8b-a40b-44ff-89b6-fe9efd469af7,EDP,4.8,Unisex,50,"209,000.00","4,180.00",Red Rose,Pear,Hedione,Mandarin Orange,Blackcurrant,,White Musk,Vanilla,
277,Remoir Perfumery,https://www.instagram.com/remoir.id/,Hearts of New York,,https://shopee.co.id/remoir.official/22813625979,EDP,4.3,Feminime,35,"159,000.00","4,542.86",Pistachio,,,Moss Rose,Peach,White Floral,Vanilla,Amber,White Musk
278,Remoir Perfumery,,Rachel's Bouquet,,https://shopee.co.id/R%C3%A9moir-Rachel%E2%80%99s-Bouquet-(EDP)-i.914657564.21268123032?sp_atk=e4fd37a6-fdf6-4f93-80a1-3c522e05d7c7&xptdk=e4fd37a6-fdf6-4f93-80a1-3c522e05d7c7,EDP,4.6,Feminime,35,"159,000.00","4,542.86",Honeydew,Orchid,,Moss Rose,Peach,White Floral,Vanilla,Amber,White Musk
279,Remoir Perfumery,,Caramel Brulee Sundae,,https://shopee.co.id/R%C3%A9moir-Caramel-Brulee-Sundae-(EDP)-i.914657564.20269652316?sp_atk=6b47fdb8-0dfe-4a7a-9489-06d8143d8bcb&xptdk=6b47fdb8-0dfe-4a7a-9489-06d8143d8bcb,EDP,4.7,Feminime,35,"159,000.00","4,542.86",Toffee Eclairs,France Creme Brulee,Caramel,Balinese Coconut,Tuberose,,Vanilla,Juniper,Choco Musk
280,Rumah Atsiri,https://www.instagram.com/rumahatsiri?igshid=NDk5N2NlZjQ=,1941,,https://shopee.co.id/rumahatsiriindonesia/22222387033,EDP,4.9,Unisex,10,"95,000.00","9,500.00",Bergamot,Cinnamon,,Jasmine,Cocoa,Clove,Patchouli,Vanilla,Coffee
281,Rumah Atsiri,,Kembang Setaman Jasmine,,https://shopee.co.id/Kembang-Setaman-Jasmine-Perfume-Eau-de-Parfum-by-Atsiri-Jawa-i.190991226.18988553072?sp_atk=501d02d3-6a60-4524-a7c9-f341195215d0&xptdk=501d02d3-6a60-4524-a7c9-f341195215d0,EDP,4,Unisex,10,"95,000.00","9,500.00",Bergamot,Blackcurrant,Sampaquita,Jasmine,Orange Blossom,Red Rose,Iris,Musk,Sandalwood
282,Rumah Atsiri,,Kembang Setaman Tuberose,,https://shopee.co.id/Kembang-Setaman-Tuberose-Perfume-Eau-de-Parfum-by-Atsiri-Jawa-i.190991226.22941913920?sp_atk=d4d71c82-76f2-402b-857a-f2d58c116898&xptdk=d4d71c82-76f2-402b-857a-f2d58c116898,EDP,4.2,Unisex,10,"95,000.00","9,500.00",Bergamot,Green Pear,Blackcurrant,Red Rose,Jasmine,Tuberose,Iris,Musk,Sandalwood
283,Rumah Atsiri,,1963,,https://shopee.co.id/1963-Perfume-Eau-de-Parfum-by-Rumah-Atsiri-i.190991226.19572631992?sp_atk=dc096714-afd7-47eb-aa27-69f8c2db9071&xptdk=dc096714-afd7-47eb-aa27-69f8c2db9071,EDP,4.1,Unisex,10,"95,000.00","9,500.00",Lemongrass,Lemon,Bergamot,Jasmine,Green Tea,Clove,White Musk,Amber,Oakmoss
284,S.TOI Fragrances,https://www.instagram.com/stoiaroma/,Indigo,,https://tokopedia.link/Yo9qMfn07xb,EDP,4.7,Masculine,50,"239,000.00","4,780.00",Calabrian Bergamot,Grapefruit,Hazelnut,Cedarwood,Honey,Spices,Amber,Oakmoss,Woody
285,S.TOI Fragrances,,Decade,,https://www.tokopedia.com/stoifragrance/decade-s-toi-eau-de-parfum-50-ml?extParam=whid%3D15068604,EDP,4.3,Unisex,50,"245,000.00","4,900.00",Citrus,Floral,Fruity,Aldehyde,Green,Spices,Balsamic,Caramel,Musk
286,S.TOI Fragrances,,Aurora,,https://www.tokopedia.com/stoifragrance/aurora-s-toi-eau-de-parfum-50-ml?extParam=whid%3D15068604,EDP,4.7,Feminime,50,"245,000.00","4,900.00",Pear,Green Mandarin Orange,Cinnamon,Orange Blossom,Jasminum Sambac,,Madagascar Vanilla,Bourbon Vanilla,Patchouli
287,SAFF & Co.,https://www.instagram.com/saffnco/,S.O.T.B,,https://shopee.co.id/saffnco/20634545364,ExDP,4.3,Feminime,30,"299,000.00","9,966.67",Mandarin Orange,Galbanum,Ylang Ylang,Tuberose,Jasmine,Orange Flower,Vanilla,Tonka Bean,Musk
288,SAFF & Co.,,CHNO,,https://shopee.co.id/SAFF-Co.-Extrait-de-Parfum-CHNO-i.267621044.4256493936?sp_atk=ba09f3d1-39ef-4095-9eb3-2d7c3c92ca70&xptdk=ba09f3d1-39ef-4095-9eb3-2d7c3c92ca70,ExDP,4.6,Feminime,30,"199,000.00","6,633.33",Pink Pepper,Orange Blossom,Pear,Coffee,Jasmine,Bitter Almond,Vanilla,Patchouli,Cedarwood
289,SAFF & Co.,,LOUI,,https://shopee.co.id/SAFF-Co.-Extrait-de-Parfum-LOUI-i.267621044.7239968109?sp_atk=cbecadcb-306e-4fed-8bee-c615b504620b&xptdk=cbecadcb-306e-4fed-8bee-c615b504620b,ExDP,4,Unisex,30,"199,000.00","6,633.33",Verbena,Green,Aldehyde,Red Rose,Peony,Lily Of The Valley,Cedarwood,Musk,
290,SAFF & Co.,,OMNIA,,https://shopee.co.id/SAFF-Co.-Extrait-de-Parfum-OMNIA-i.267621044.5139970089?sp_atk=cafc74a8-7a78-45fd-899d-77116fe5733f&xptdk=cafc74a8-7a78-45fd-899d-77116fe5733f,ExDP,5,Feminime,30,"199,000.00","6,633.33",Grapefruit,Green,,Red Rose,Floral,Iris,Woody,Heliotrope,Musk
291,SAFF & Co.,,OSTARA,,https://shopee.co.id/SAFF-Co.-Extrait-de-Parfum-OSTARA-i.267621044.21260025977?sp_atk=6cd59ca4-f680-45bb-9438-39af222cbe52&xptdk=6cd59ca4-f680-45bb-9438-39af222cbe52,ExDP,4.5,Feminime,30,"299,000.00","9,966.67",Raspberry,Passionfruit,Pear,Cassis Buds,Lily Of The Valley,,Amber,Patchouli,Heliotrope
292,SAFF & Co.,,TROUPE,,https://shopee.co.id/SAFF-Co.-Extrait-de-Parfum-TROUPE-i.267621044.4239965022?sp_atk=1f175215-40d0-4063-be0e-9c8f2162d606&xptdk=1f175215-40d0-4063-be0e-9c8f2162d606,ExDP,4.8,Feminime,30,"199,000.00","6,633.33",Citrus,Pear,,Red Rose,Orange Blossom,Freesia,Patchouli,Musk,Amber
293,SAFF & Co.,,CASCAVEL,,https://shopee.co.id/SAFF-Co.-Extrait-de-Parfum-CASCAVEL-(540)-i.267621044.6639972377?sp_atk=64502c6d-f0a4-480c-8596-eef822db0003&xptdk=64502c6d-f0a4-480c-8596-eef822db0003,ExDP,4.7,Unisex,30,"199,000.00","6,633.33",Saffron,Orange Blossom,,Jasmine,Violet,Lily Of The Valley,Oakmoss,Ambergris,
294,SAFF & Co.,,SAFF,,https://shopee.co.id/SAFF-Co.-Extrait-de-Parfum-SAFF-i.267621044.11425093865?sp_atk=1389497c-50d3-47bb-8dc6-bf6b52f362f4&xptdk=1389497c-50d3-47bb-8dc6-bf6b52f362f4,ExDP,4.2,Masculine,30,"299,000.00","9,966.67",Bergamot,Mandarin Orange,Saffron,Ylang Ylang,Lily Of The Valley,Jasmine,Amber,Leathery,Musk
295,SAFF & Co.,,COCO,,https://shopee.co.id/SAFF-Co.-Extrait-de-Parfum-COCO-i.267621044.3440066032?sp_atk=105d92af-2fa6-4597-8979-390ee9b6680c&xptdk=105d92af-2fa6-4597-8979-390ee9b6680c,ExDP,4.4,Masculine,30,"199,000.00","6,633.33",Citrus,Floral,Green,Marine,Woody,,Musk,Oriental,
296,SAFF & Co.,,SOLARIS,,https://shopee.co.id/SAFF-Co.-Extrait-de-Parfum-SOLARIS-i.267621044.8199845292?sp_atk=a3289244-a0f7-4bb6-a2de-ae1f92fd773a&xptdk=a3289244-a0f7-4bb6-a2de-ae1f92fd773a,ExDP,4.1,Masculine,30,"299,000.00","9,966.67",Bergamot,Mandarin Orange,Violet Leaves,Orries,Freesia,Cedarwood,Vetiver,Amber,Tonka Bean
297,SAFF & Co.,,ILIAD,,https://shopee.co.id/SAFF-Co.-Extrait-de-Parfum-ILIAD-i.267621044.18179730942?sp_atk=5d4644df-6501-47bd-800e-19c2ceb96bef&xptdk=5d4644df-6501-47bd-800e-19c2ceb96bef,ExDP,4.4,Unisex,30,"299,000.00","9,966.67",Pink Pepper,Peony,Muguet,Ylang Ylang,Iris,Hedione,Amber,Cashmere,Patchouli
298,SAFF & Co.,,XOCOLATL,,https://shopee.co.id/SAFF-Co.-x-Crayon-ShinChan-x-Tahilalats-XOCOLATL-i.267621044.19388136250?sp_atk=5c464c07-b61a-4e54-a781-0875bd1aac0b&xptdk=5c464c07-b61a-4e54-a781-0875bd1aac0b,ExDP,4.3,Unisex,30,"299,000.00","9,966.67",Mandarin Orange,Pear,Apple,Heliotrope,Plumeria,Maltol,Coconut,Musk,Sandalwood
299,SAFF & Co.,,LAS POZAS,,https://shopee.co.id/SAFF-Co.-Extrait-de-Parfum-LAS-POZAS-i.267621044.22330453905?sp_atk=dd6db27b-0fff-473c-b80e-428f749e4e9e&xptdk=dd6db27b-0fff-473c-b80e-428f749e4e9e,ExDP,4.2,Unisex,30,"249,000.00","8,300.00",Datura,,,Benzoin,Nutmeg,,Cashmere,Cedarwood,Sandalwood
300,Saint Hars,https://www.instagram.com/sainthars.official/?hl=en,St. Moritz,,https://shopee.co.id/sainthars/17790910103,ExDP,4.4,Feminime,30,"249,000.00","8,300.00",Bergamot,,,Lily Of The Valley,Jasmine,,Vanilla,Amber,Musk
301,Saint Hars,,Positano,,https://shopee.co.id/SAINT-HARS-Extrait-de-Parfum-Positano-30ml-i.291143333.21266735829?sp_atk=44a0e69f-b4fe-47de-9846-e15b5936e1cc&xptdk=44a0e69f-b4fe-47de-9846-e15b5936e1cc,ExDP,4.9,Unisex,30,"249,000.00","8,300.00",Bergamot,,,Coffee,Chocolate,Hazelnut,Leathery,,
302,Saint Hars,,St. Tropez,,https://shopee.co.id/SAINT-HARS-Extrait-de-Parfum-St.-Tropez-30ml-i.291143333.19966738568?sp_atk=81feadf4-d5df-40d0-b0b7-3a47ac722805&xptdk=81feadf4-d5df-40d0-b0b7-3a47ac722805,ExDP,4.6,Feminime,30,"249,000.00","8,300.00",Bergamot,,,Lily,,,Tahitian Vanilla,Amber,Sandalwood
303,Samaya Perfume,https://www.instagram.com/samayaperfume.id/,Wairi Hill,,https://shopee.co.id/samayaperfumeid/7293350893,EDP,4.2,Unisex,35,"189,000.00","5,400.00",Apricot,Peach,Green Tea,Green,Lily Of The Valley,Red Rose,Musk,Sandalwood,
304,Samaya Perfume,,Baileo,,https://shopee.co.id/SAMAYA-PERFUME-Baileo-35-ml-Parfum-Lokal-Parfum-Unisex-Parfum-Tahan-Lama-i.445272951.15711461818?sp_atk=9566def8-0e96-41e9-84d8-32bf574c6d3f&xptdk=9566def8-0e96-41e9-84d8-32bf574c6d3f,EDP,4.4,Unisex,35,"189,000.00","5,400.00",Bergamot,Amalfi Lemon,,Saffron,Star Anise,,Vanilla,Resin,Amber
305,Samaya Perfume,,Kaioa,,https://shopee.co.id/SAMAYA-PERFUME-Kaioa-35-ml-Parfum-Lokal-Parfum-Unisex-Parfum-Tahan-Lama-i.445272951.15711455281?sp_atk=8b3eff08-8f82-4d37-a001-5e6063e6cab7&xptdk=8b3eff08-8f82-4d37-a001-5e6063e6cab7,EDP,4.9,Unisex,35,"189,000.00","5,400.00",Bergamot,Bitter Orange,Coconut,Marine,,,Cedarwood,Musk,Amber
306,Sansoe,https://www.instagram.com/sansoe.fragrances/?hl=en,Lignum,,https://shopee.co.id/sansoe.fragrances/9554749066,EDP,4.5,Unisex,50,"389,000.00","7,780.00",Woody,Musk,Ambergris,,,,,,
307,Sansoe,,Cedrus,,https://shopee.co.id/Sansoe-Eau-de-Parfum-Cedrus-i.443320521.8754749974?sp_atk=0bb7b9dc-02f1-475a-8399-c688ecdc1b9b&xptdk=0bb7b9dc-02f1-475a-8399-c688ecdc1b9b,EDP,4.2,Unisex,50,"389,000.00","7,780.00",Ambrette Seeds,Magnolia,Cedarwood,,,,,,
308,Sansoe,,Sommar,,https://shopee.co.id/Sansoe-Eau-de-parfume-Sommar-i.443320521.21356501967?sp_atk=610aad9c-c7b6-473f-bc69-76893b9709a9&xptdk=610aad9c-c7b6-473f-bc69-76893b9709a9,EDP,4.6,Unisex,50,"389,000.00","7,780.00",Green Tea,Cedarwood,Geranium,Vetiver,Musk,,,,
309,Sansoe,,Flos,,https://shopee.co.id/Sansoe-Eau-de-parfum-Flos-i.443320521.18355947777?sp_atk=e317228b-757a-4075-916d-1e5678bd68d2&xptdk=e317228b-757a-4075-916d-1e5678bd68d2,EDP,4.1,Unisex,50,"389,000.00","7,780.00",White Floral,Saffron,Pink Pepper,Amber,Musk,,,,
310,Sansoe,,Ortiz,,https://shopee.co.id/Sansoe-Eau-de-parfum-Ortiz-i.443320521.21956527576?sp_atk=b5fc8227-df16-4fdd-8c92-2d95e206da61&xptdk=b5fc8227-df16-4fdd-8c92-2d95e206da61,EDP,4.4,Unisex,50,"389,000.00","7,780.00",Cedarwood,Oud,Bergamot,Peony,Cardamom,,,,
311,Scentderland Perfumery,https://www.instagram.com/scentderland/,Lady Lamington,,https://shopee.co.id/scentderland/19552936265,EDP,4.5,Feminime,50,"159,900.00","3,198.00",Coconut,Galbanum,Cilantro,Iris,Red Rose,Geranium,Tonka Bean,Vanilla,Amberwood
312,Scentderland Perfumery,,Fleur Sonata,,https://shopee.co.id/Scentderland-Fleur-Sonata-EDP-i.759371901.22536575798?sp_atk=ad743ac7-77c5-4c97-aa3b-b1494823d8bd&xptdk=ad743ac7-77c5-4c97-aa3b-b1494823d8bd,EDP,4.7,Feminime,50,"199,000.00","3,980.00",Almond,Green Tea,Green Anise,Jasmine,Red Rose,Honey,Heliotrope,Vanilla,Musk
313,Scentderland Perfumery,,Perle Blanche,,https://shopee.co.id/Scentderland-Perle-Blanche-EDP-i.759371901.22536585650?sp_atk=52caffe2-6606-4ddd-b14e-f4aab473fece&xptdk=52caffe2-6606-4ddd-b14e-f4aab473fece,EDP,4.6,Feminime,50,"199,000.00","3,980.00",Pink Pepper,Lemon,Pear,Sandalwood,,,Patchouli,Animalic,Musk
314,Scentderland Perfumery,,Moonlight Waltz,,https://shopee.co.id/Scentderland-Moonlight-Waltz-EDP-i.759371901.20377670146?sp_atk=dfc3cf5e-7925-4091-9200-de62f9eb2c2e&xptdk=dfc3cf5e-7925-4091-9200-de62f9eb2c2e,EDP,4.4,Feminime,50,"199,000.00","3,980.00",Red Rose,Lychee,Woody,Jasmine,Freesia,Patchouli,Musk,Gourmand,Red Fruits
315,Scentials,https://www.instagram.com/scentials.co/,Amaranth,,https://shopee.co.id/scentials/19872598858,EDP,4.1,Unisex,30,"199,000.00","6,633.33",Raspberry,Pear,Bergamot,Jasmine,African Orange Flower,Peony,Praline,Cashmere,Olibanum
316,Scentials,,Loues,,https://shopee.co.id/BUY-1-GET-1-5ML-l-Scentials-Perfume-LOUES-30-ML-Parfume-Pria-Wanita-i.419339925.19170902288?sp_atk=9b99953c-2130-45b8-921a-4765584aace8&xptdk=9b99953c-2130-45b8-921a-4765584aace8,EDP,4.9,Unisex,30,"250,000.00","8,333.33",Blood Mandarin Orange,Grapefruit,Mint,Cinnamon,Spices,Red Rose,Vanilla,Amber,Leathery
317,Scentials,,Sangria,,https://shopee.co.id/BUY-1-GET-1-5ML-l-Scentials-Perfume-SANGRIA-30-ML-Parfume-Pria-Wanita-i.419339925.22921224171?sp_atk=c73f1191-c222-4974-b5bd-d34d32188435&xptdk=c73f1191-c222-4974-b5bd-d34d32188435,EDP,5,Unisex,30,"199,000.00","6,633.33",Orange,Pink Pepper,Spices,Black Pepper,Fig,Vetiver,Sandalwood,Cedarwood,Agarwood
318,Scentials,,Munselli,,https://shopee.co.id/BUY-1-GET-1-5ML-l-Scentials-Perfume-MUNSELLI-30-ML-Parfume-Pria-Wanita-i.419339925.23017459554?sp_atk=211515d9-9390-4ac9-ab58-4e8640a206f6&xptdk=211515d9-9390-4ac9-ab58-4e8640a206f6,EDP,4.3,Unisex,30,"250,000.00","8,333.33",Red Currant,Passionfruit,Grapefruit,Red Rose,Orchid,Peony,Vanilla,Panacotta,Musk
319,Scentials,,Cerise,,https://shopee.co.id/BUY-1-GET-1-5ML-l-Scentials-Perfume-CERISE-30-ML-Parfume-Pria-Wanita-i.419339925.19072597962?sp_atk=8678caf6-3a9e-49c4-b718-25de9b786956&xptdk=8678caf6-3a9e-49c4-b718-25de9b786956,EDP,4.1,Unisex,30,"199,000.00","6,633.33",Blackcurrant,,,Praline,Patchouli,,Vanilla,Pear,Tonka Bean
320,Scentworks & Co,https://www.instagram.com/scentworksandco/,London Breeze,,https://shopee.co.id/scentworksandco/7468323244,EDP,4.3,Feminime,105,"209,000.00","1,990.48",Pear,,,Freesia,,,Patchouli,,
321,Scentworks & Co,,Dark Vanilla,,https://shopee.co.id/Scentworks-Co-Perfume-Dark-Vanilla-i.347860784.6968322922?sp_atk=8303fa68-299e-4fd7-b8e6-4db2f9c77346&xptdk=8303fa68-299e-4fd7-b8e6-4db2f9c77346,EDP,4.5,Feminime,105,"209,000.00","1,990.48",Pear,Pink Pepper,Orange Blossom,Coffee,Jasmine,,Vanilla,Patchouli,Cedarwood
322,Scentworks & Co,,Mad Tea Party,,https://shopee.co.id/Scentworks-Co-Perfume-Mad-Tea-Party-i.347860784.4178981748?sp_atk=90b773eb-aa3d-45b7-a943-83ff446394ba&xptdk=90b773eb-aa3d-45b7-a943-83ff446394ba,EDP,4.7,Feminime,105,"209,000.00","1,990.48",Bergamot,Lemon,,Green Tea,Peppermint,Jasmine,Amber,Musk,
323,Scentworks & Co,,Jasmine Tease,,https://shopee.co.id/Scentworks-Co-Perfume-Jasmine-Tease-i.347860784.7270245188?sp_atk=4a2a85c2-e31d-4190-ae9a-591cff654362&xptdk=4a2a85c2-e31d-4190-ae9a-591cff654362,EDP,4.7,Feminime,105,"209,000.00","1,990.48",Marigold,,,Jasmine,,,Benzoin,,
324,Scentworks & Co,,Paeonia,,https://shopee.co.id/Scentworks-Co-Perfume-Paeonia-i.347860784.5470239704?sp_atk=3996f5e5-40e1-441d-9615-6d4321720214&xptdk=3996f5e5-40e1-441d-9615-6d4321720214,EDP,4.6,Feminime,105,"209,000.00","1,990.48",Apple,,,Peony,,,Suede,,
325,Scentworks & Co,,Ballerina,,https://shopee.co.id/Scentworks-Co-Perfume-Ballerina-i.347860784.7782775002?sp_atk=64edf7ee-39eb-4007-a609-e4703c42d525&xptdk=64edf7ee-39eb-4007-a609-e4703c42d525,EDP,4.9,Feminime,105,"209,000.00","1,990.48",Blackcurrant,Mandarin Orange,,Orange Blossom,Lavender,,Musk,Vanilla,
326,Scentworks & Co,,Cherry Blossom,,https://shopee.co.id/Scentworks-Co-Perfume-Cherry-Blossom-i.347860784.9661287330?sp_atk=023d5086-2025-4fdd-8e91-023488fe3535&xptdk=023d5086-2025-4fdd-8e91-023488fe3535,EDP,4.7,Feminime,105,"209,000.00","1,990.48",Bergamot,,,Sakura,Red Rose,,Musk,,
327,Scentworks & Co,,La VIE en RORSE,,https://shopee.co.id/Scentworks-Co-Perfume-LA-VIE-en-Red Rose-i.347860784.8513681920?sp_atk=3c15ac1f-a3ea-43b5-8ccb-ef8080395e9f&xptdk=3c15ac1f-a3ea-43b5-8ccb-ef8080395e9f,EDP,5,Feminime,105,"209,000.00","1,990.48",Blackcurrant,Peach,,Red Rose,Iris,,Cedarwood,,
328,Scentworks & Co,,Soleil,,https://shopee.co.id/Scentworks-Co-Perfume-Soleil-i.347860784.10907905401?sp_atk=e6de9535-4688-4446-9db5-8152fc72dfc8&xptdk=e6de9535-4688-4446-9db5-8152fc72dfc8,EDP,4.5,Feminime,105,"209,000.00","1,990.48",Blackcurrant,,,Honey,,,Peach,,
329,SONAR Perfume,https://www.instagram.com/sonar.perfume/,Date U,,https://shopee.co.id/sonaridn/6835973046,EDP,4.9,Feminime,50,"149,000.00","2,980.00",Pineapple,Blackcurrant,Smoke,Dry Birch,White Jasmine,,Musk,Vanilla,Oakmoss
330,Spill The Eau,https://www.instagram.com/spilltheeau/,Flowers by the Bay,,https://shopee.co.id/spilltheeau/17928663296,EDP,4.2,Feminime,30,"149,000.00","4,966.67",Pearl,Strawberry,Melon,Cantaloupe,Red Rose,Jasmine,Cashmere,Vanilla,Musk
331,terah,https://www.instagram.com/terahofficial/,#002,,https://shopee.co.id/terahofficial/20630996397,EDP,4.3,Unisex,40,"289,000.00","7,225.00",Rosa Centifolia,Bulgarian Rose,Red Rose Oxide,Black Pepper,Saffron,Red Rose,Agarwood,Ambergris,Clove
332,The Body Tale,https://www.instagram.com/thebodytale/,Kairy,,https://shopee.co.id/thebodytale/23417420046,ExDP,4.3,Unisex,50,"197,000.00","3,940.00",Bergamot,Pink Pepper,,Turkish Rose,Floral,Coconut,Vanilla,Tonka Bean,Cedarwood